dt,WR
0,1.5
0.01,1.50051
0.02,1.50204
0.03,1.5046
0.04,1.5082
0.05,1.51286
0.06,1.51859
0.07,1.52541
0.08,1.53335
0.09,1.54245
0.1,1.55274
0.11,1.56424
0.12,1.57702
0.13,1.5911
0.14,1.60654
0.15,1.62339
0.16,1.64169
0.17,1.6615
0.18,1.68289
0.19,1.70589
0.2,1.73058
0.21,1.75702
0.22,1.78526
0.23,1.81536
0.24,1.84739
0.25,1.88141
0.26,1.91747
0.27,1.95564
0.28,1.99598
0.29,2.03853
0.3,2.08336
0.31,2.13051
0.32,2.18003
0.33,2.23198
0.34,2.28638
0.35,2.34329
0.36,2.40272
0.37,2.46472
0.38,2.52931
0.39,2.59651
0.4,2.66633
0.41,2.73878
0.42,2.81386
0.43,2.89157
0.44,2.97191
0.45,3.05484
0.46,3.14035
0.47,3.22841
0.48,3.31898
0.49,3.41202
0.5,3.50746
0.51,3.60525
0.52,3.70533
0.53,3.8076
0.54,3.91199
0.55,4.01841
0.56,4.12675
0.57,4.23691
0.58,4.34877
0.59,4.46219
0.6,4.57706
0.61,4.69323
0.62,4.81055
0.63,4.92886
0.64,5.04801
0.65,5.16783
0.66,5.28813
0.67,5.40873
0.68,5.52946
0.69,5.6501
0.7,5.77046
0.71,5.89034
0.72,6.00952
0.73,6.12779
0.74,6.24493
0.75,6.36071
0.76,6.47491
0.77,6.58731
0.78,6.69767
0.79,6.80576
0.8,6.91134
0.81,7.01418
0.82,7.11404
0.83,7.2107
0.84,7.30391
0.85,7.39345
0.86,7.47909
0.87,7.5606
0.88,7.63775
0.89,7.71033
0.9,7.77811
0.91,7.8409
0.92,7.89848
0.93,7.95066
0.94,7.99725
0.95,8.03805
0.96,8.07289
0.97,8.10161
0.98,8.12404
0.99,8.14004
1,8.14946
1.01,8.15217
1.02,8.14806
1.03,8.13701
1.04,8.11894
1.05,8.09374
1.06,8.06137
1.07,8.02175
1.08,7.97484
1.09,7.9206
1.1,7.85903
1.11,7.79012
1.12,7.71387
1.13,7.63031
1.14,7.53948
1.15,7.44143
1.16,7.33624
1.17,7.22398
1.18,7.10476
1.19,6.97868
1.2,6.84587
1.21,6.70648
1.22,6.56067
1.23,6.4086
1.24,6.25046
1.25,6.08646
1.26,5.91679
1.27,5.7417
1.28,5.56142
1.29,5.3762
1.3,5.1863
1.31,4.99202
1.32,4.79362
1.33,4.59142
1.34,4.38571
1.35,4.17683
1.36,3.96509
1.37,3.75083
1.38,3.53441
1.39,3.31616
1.4,3.09645
1.41,2.87564
1.42,2.6541
1.43,2.43221
1.44,2.21033
1.45,1.98886
1.46,1.76816
1.47,1.54862
1.48,1.33063
1.49,1.11457
1.5,0.900806
1.51,0.689728
1.52,0.481707
1.53,0.277112
1.54,0.0763092
1.55,-0.120343
1.56,-0.312493
1.57,-0.499794
1.58,-0.681912
1.59,-0.858518
1.6,-1.0293
1.61,-1.19394
1.62,-1.35216
1.63,-1.50366
1.64,-1.64819
1.65,-1.78548
1.66,-1.91529
1.67,-2.03741
1.68,-2.15161
1.69,-2.25772
1.7,-2.35554
1.71,-2.44494
1.72,-2.52575
1.73,-2.59787
1.74,-2.66118
1.75,-2.71561
1.76,-2.7611
1.77,-2.79759
1.78,-2.82507
1.79,-2.84354
1.8,-2.853
1.81,-2.8535
1.82,-2.8451
1.83,-2.82788
1.84,-2.80193
1.85,-2.76739
1.86,-2.72439
1.87,-2.67309
1.88,-2.61368
1.89,-2.54635
1.9,-2.47134
1.91,-2.38888
1.92,-2.29924
1.93,-2.20268
1.94,-2.09951
1.95,-1.99004
1.96,-1.8746
1.97,-1.75354
1.98,-1.62722
1.99,-1.49601
2,-1.3603
2.01,-1.2205
2.02,-1.07703
2.03,-0.930301
2.04,-0.780759
2.05,-0.62885
2.06,-0.475029
2.07,-0.319757
2.08,-0.163505
2.09,-0.00674664
2.1,0.150039
2.11,0.306369
2.12,0.46176
2.13,0.615724
2.14,0.767777
2.15,0.917433
2.16,1.06421
2.17,1.20763
2.18,1.34721
2.19,1.48249
2.2,1.61301
2.21,1.73831
2.22,1.85793
2.23,1.97146
2.24,2.07846
2.25,2.17852
2.26,2.27124
2.27,2.35623
2.28,2.43312
2.29,2.50156
2.3,2.56122
2.31,2.61177
2.32,2.6529
2.33,2.68435
2.34,2.70584
2.35,2.71714
2.36,2.71802
2.37,2.7083
2.38,2.6878
2.39,2.65637
2.4,2.61387
2.41,2.56022
2.42,2.49533
2.43,2.41915
2.44,2.33166
2.45,2.23285
2.46,2.12274
2.47,2.00139
2.48,1.86888
2.49,1.7253
2.5,1.57078
2.51,1.40547
2.52,1.22956
2.53,1.04325
2.54,0.846761
2.55,0.640349
2.56,0.424292
2.57,0.198888
2.58,-0.035539
2.59,-0.278644
2.6,-0.53006
2.61,-0.789399
2.62,-1.05625
2.63,-1.3302
2.64,-1.61078
2.65,-1.89754
2.66,-2.19
2.67,-2.48766
2.68,-2.79001
2.69,-3.09653
2.7,-3.40668
2.71,-3.71991
2.72,-4.03566
2.73,-4.35337
2.74,-4.67246
2.75,-4.99234
2.76,-5.31244
2.77,-5.63215
2.78,-5.95089
2.79,-6.26806
2.8,-6.58306
2.81,-6.8953
2.82,-7.20418
2.83,-7.50913
2.84,-7.80954
2.85,-8.10485
2.86,-8.39448
2.87,-8.67787
2.88,-8.95448
2.89,-9.22376
2.9,-9.48518
2.91,-9.73823
2.92,-9.98242
2.93,-10.2172
2.94,-10.4423
2.95,-10.657
2.96,-10.8611
2.97,-11.054
2.98,-11.2355
2.99,-11.405
3,-11.5624
3.01,-11.7073
3.02,-11.8393
3.03,-11.9583
3.04,-12.0639
3.05,-12.1559
3.06,-12.2342
3.07,-12.2986
3.08,-12.3489
3.09,-12.385
3.1,-12.4069
3.11,-12.4144
3.12,-12.4076
3.13,-12.3865
3.14,-12.351
3.15,-12.3013
3.16,-12.2374
3.17,-12.1595
3.18,-12.0676
3.19,-11.962
3.2,-11.8427
3.21,-11.7102
3.22,-11.5645
3.23,-11.406
3.24,-11.235
3.25,-11.0518
3.26,-10.8567
3.27,-10.6501
3.28,-10.4324
3.29,-10.2039
3.3,-9.96521
3.31,-9.71666
3.32,-9.45874
3.33,-9.19194
3.34,-8.91675
3.35,-8.63368
3.36,-8.34327
3.37,-8.04604
3.38,-7.74256
3.39,-7.43338
3.4,-7.11907
3.41,-6.8002
3.42,-6.47736
3.43,-6.15114
3.44,-5.82213
3.45,-5.49091
3.46,-5.15809
3.47,-4.82427
3.48,-4.49002
3.49,-4.15594
3.5,-3.82263
3.51,-3.49065
3.52,-3.16058
3.53,-2.83299
3.54,-2.50844
3.55,-2.18747
3.56,-1.87062
3.57,-1.5584
3.58,-1.25133
3.59,-0.949911
3.6,-0.654611
3.61,-0.365896
3.62,-0.0842103
3.63,0.190019
3.64,0.456386
3.65,0.714501
3.66,0.964001
3.67,1.20454
3.68,1.43579
3.69,1.65746
3.7,1.86927
3.71,2.07096
3.72,2.26231
3.73,2.44312
3.74,2.61319
3.75,2.77238
3.76,2.92056
3.77,3.05762
3.78,3.18349
3.79,3.2981
3.8,3.40144
3.81,3.49349
3.82,3.57428
3.83,3.64385
3.84,3.70228
3.85,3.74966
3.86,3.7861
3.87,3.81175
3.88,3.82677
3.89,3.83135
3.9,3.82569
3.91,3.81002
3.92,3.7846
3.93,3.74968
3.94,3.70556
3.95,3.65253
3.96,3.59092
3.97,3.52107
3.98,3.44333
3.99,3.35805
4,3.26563
4.01,3.16645
4.02,3.06092
4.03,2.94944
4.04,2.83244
4.05,2.71035
4.06,2.5836
4.07,2.45263
4.08,2.3179
4.09,2.17984
4.1,2.03892
4.11,1.89559
4.12,1.75029
4.13,1.60348
4.14,1.45562
4.15,1.30715
4.16,1.15851
4.17,1.01015
4.18,0.862487
4.19,0.715959
4.2,0.570981
4.21,0.42796
4.22,0.287296
4.23,0.149378
4.24,0.0145816
4.25,-0.116728
4.26,-0.244199
4.27,-0.367493
4.28,-0.486288
4.29,-0.600274
4.3,-0.709158
4.31,-0.812664
4.32,-0.910531
4.33,-1.00252
4.34,-1.08839
4.35,-1.16796
4.36,-1.24101
4.37,-1.30739
4.38,-1.36694
4.39,-1.41952
4.4,-1.46503
4.41,-1.50336
4.42,-1.53443
4.43,-1.55819
4.44,-1.5746
4.45,-1.58363
4.46,-1.58528
4.47,-1.57958
4.48,-1.56654
4.49,-1.54622
4.5,-1.5187
4.51,-1.48404
4.52,-1.44236
4.53,-1.39377
4.54,-1.33841
4.55,-1.27642
4.56,-1.20796
4.57,-1.13322
4.58,-1.05237
4.59,-0.965621
4.6,-0.873185
4.61,-0.775285
4.62,-0.672157
4.63,-0.564043
4.64,-0.451196
4.65,-0.333878
4.66,-0.212357
4.67,-0.086906
4.68,0.0421935
4.69,0.174657
4.7,0.310194
4.71,0.448514
4.72,0.589321
4.73,0.732319
4.74,0.87721
4.75,1.0237
4.76,1.17148
4.77,1.32027
4.78,1.46977
4.79,1.61969
4.8,1.76974
4.81,1.91965
4.82,2.06913
4.83,2.21791
4.84,2.36573
4.85,2.51233
4.86,2.65746
4.87,2.80087
4.88,2.94234
4.89,3.08163
4.9,3.21853
4.91,3.35283
4.92,3.48434
4.93,3.61287
4.94,3.73826
4.95,3.86032
4.96,3.97892
4.97,4.09391
4.98,4.20516
4.99,4.31256
5,4.416
5.01,4.51539
5.02,4.61065
5.03,4.7017
5.04,4.7885
5.05,4.871
5.06,4.94916
5.07,5.02297
5.08,5.09241
5.09,5.15749
5.1,5.21821
5.11,5.27461
5.12,5.3267
5.13,5.37455
5.14,5.4182
5.15,5.45771
5.16,5.49317
5.17,5.52463
5.18,5.55221
5.19,5.57599
5.2,5.59607
5.21,5.61258
5.22,5.62561
5.23,5.63531
5.24,5.64179
5.25,5.64519
5.26,5.64564
5.27,5.64329
5.28,5.63828
5.29,5.63076
5.3,5.62088
5.31,5.60877
5.32,5.59461
5.33,5.57854
5.34,5.56071
5.35,5.54127
5.36,5.52038
5.37,5.49818
5.38,5.47482
5.39,5.45045
5.4,5.42521
5.41,5.39924
5.42,5.37267
5.43,5.34564
5.44,5.31827
5.45,5.29069
5.46,5.26302
5.47,5.23536
5.48,5.20783
5.49,5.18053
5.5,5.15355
5.51,5.12698
5.52,5.10091
5.53,5.07541
5.54,5.05056
5.55,5.02641
5.56,5.00302
5.57,4.98046
5.58,4.95875
5.59,4.93793
5.6,4.91804
5.61,4.8991
5.62,4.88112
5.63,4.86412
5.64,4.8481
5.65,4.83306
5.66,4.81899
5.67,4.80587
5.68,4.7937
5.69,4.78243
5.7,4.77205
5.71,4.76251
5.72,4.75379
5.73,4.74582
5.74,4.73858
5.75,4.73201
5.76,4.72604
5.77,4.72064
5.78,4.71573
5.79,4.71125
5.8,4.70715
5.81,4.70335
5.82,4.69978
5.83,4.69639
5.84,4.6931
5.85,4.68985
5.86,4.68656
5.87,4.68318
5.88,4.67963
5.89,4.67585
5.9,4.67177
5.91,4.66735
5.92,4.66251
5.93,4.6572
5.94,4.65137
5.95,4.64496
5.96,4.63794
5.97,4.63026
5.98,4.62187
5.99,4.61275
6,4.60287
6.01,4.59219
6.02,4.58069
6.03,4.56837
6.04,4.5552
6.05,4.54119
6.06,4.52632
6.07,4.51061
6.08,4.49405
6.09,4.47667
6.1,4.45848
6.11,4.43951
6.12,4.41979
6.13,4.39934
6.14,4.37822
6.15,4.35645
6.16,4.3341
6.17,4.31121
6.18,4.28785
6.19,4.26406
6.2,4.23993
6.21,4.21551
6.22,4.19088
6.23,4.16612
6.24,4.1413
6.25,4.11651
6.26,4.09184
6.27,4.06736
6.28,4.04317
6.29,4.01936
6.3,3.99601
6.31,3.97323
6.32,3.95109
6.33,3.92971
6.34,3.90916
6.35,3.88955
6.36,3.87095
6.37,3.85348
6.38,3.8372
6.39,3.82222
6.4,3.80861
6.41,3.79646
6.42,3.78585
6.43,3.77686
6.44,3.76956
6.45,3.76402
6.46,3.76031
6.47,3.7585
6.48,3.75863
6.49,3.76076
6.5,3.76495
6.51,3.77123
6.52,3.77964
6.53,3.79022
6.54,3.803
6.55,3.818
6.56,3.83523
6.57,3.85471
6.58,3.87644
6.59,3.90041
6.6,3.92663
6.61,3.95508
6.62,3.98574
6.63,4.01859
6.64,4.0536
6.65,4.09072
6.66,4.12993
6.67,4.17116
6.68,4.21437
6.69,4.25951
6.7,4.3065
6.71,4.35528
6.72,4.40578
6.73,4.45791
6.74,4.51161
6.75,4.56678
6.76,4.62334
6.77,4.68119
6.78,4.74024
6.79,4.80039
6.8,4.86155
6.81,4.9236
6.82,4.98644
6.83,5.04998
6.84,5.1141
6.85,5.17869
6.86,5.24366
6.87,5.30888
6.88,5.37426
6.89,5.43969
6.9,5.50507
6.91,5.57029
6.92,5.63524
6.93,5.69984
6.94,5.76399
6.95,5.82758
6.96,5.89054
6.97,5.95277
6.98,6.0142
6.99,6.07473
7,6.13431
7.01,6.19286
7.02,6.25032
7.03,6.30662
7.04,6.36172
7.05,6.41556
7.06,6.46812
7.07,6.51934
7.08,6.5692
7.09,6.61767
7.1,6.66475
7.11,6.71042
7.12,6.75467
7.13,6.79751
7.14,6.83895
7.15,6.879
7.16,6.91769
7.17,6.95504
7.18,6.99109
7.19,7.02589
7.2,7.05947
7.21,7.0919
7.22,7.12324
7.23,7.15354
7.24,7.18288
7.25,7.21134
7.26,7.23899
7.27,7.26592
7.28,7.29223
7.29,7.31801
7.3,7.34334
7.31,7.36835
7.32,7.39312
7.33,7.41777
7.34,7.4424
7.35,7.46714
7.36,7.49208
7.37,7.51734
7.38,7.54304
7.39,7.5693
7.4,7.59622
7.41,7.62393
7.42,7.65252
7.43,7.68212
7.44,7.71284
7.45,7.74478
7.46,7.77804
7.47,7.81273
7.48,7.84895
7.49,7.88678
7.5,7.92632
7.51,7.96765
7.52,8.01085
7.53,8.05599
7.54,8.10315
7.55,8.15237
7.56,8.20373
7.57,8.25726
7.58,8.31301
7.59,8.371
7.6,8.43128
7.61,8.49385
7.62,8.55872
7.63,8.6259
7.64,8.69538
7.65,8.76715
7.66,8.84118
7.67,8.91744
7.68,8.99589
7.69,9.07649
7.7,9.15917
7.71,9.24388
7.72,9.33053
7.73,9.41904
7.74,9.50932
7.75,9.60128
7.76,9.69481
7.77,9.78979
7.78,9.8861
7.79,9.98361
7.8,10.0822
7.81,10.1817
7.82,10.282
7.83,10.3829
7.84,10.4842
7.85,10.5859
7.86,10.6877
7.87,10.7894
7.88,10.8909
7.89,10.992
7.9,11.0925
7.91,11.1922
7.92,11.291
7.93,11.3886
7.94,11.4848
7.95,11.5795
7.96,11.6725
7.97,11.7635
7.98,11.8524
7.99,11.939
8,12.0232
8.01,12.1046
8.02,12.1833
8.03,12.2588
8.04,12.3312
8.05,12.4002
8.06,12.4657
8.07,12.5275
8.08,12.5855
8.09,12.6395
8.1,12.6894
8.11,12.735
8.12,12.7763
8.13,12.8131
8.14,12.8454
8.15,12.8729
8.16,12.8957
8.17,12.9136
8.18,12.9267
8.19,12.9348
8.2,12.9378
8.21,12.9359
8.22,12.9288
8.23,12.9167
8.24,12.8994
8.25,12.8771
8.26,12.8497
8.27,12.8172
8.28,12.7797
8.29,12.7372
8.3,12.6898
8.31,12.6376
8.32,12.5805
8.33,12.5188
8.34,12.4525
8.35,12.3816
8.36,12.3064
8.37,12.2269
8.38,12.1433
8.39,12.0556
8.4,11.9641
8.41,11.8689
8.42,11.7701
8.43,11.6679
8.44,11.5625
8.45,11.4539
8.46,11.3425
8.47,11.2284
8.48,11.1118
8.49,10.9928
8.5,10.8716
8.51,10.7485
8.52,10.6235
8.53,10.497
8.54,10.3691
8.55,10.2399
8.56,10.1097
8.57,9.97858
8.58,9.84682
8.59,9.71456
8.6,9.58196
8.61,9.4492
8.62,9.31644
8.63,9.18384
8.64,9.05154
8.65,8.9197
8.66,8.78846
8.67,8.65793
8.68,8.52826
8.69,8.39954
8.7,8.27189
8.71,8.1454
8.72,8.02017
8.73,7.89626
8.74,7.77376
8.75,7.65271
8.76,7.53317
8.77,7.41517
8.78,7.29875
8.79,7.18392
8.8,7.07068
8.81,6.95904
8.82,6.84898
8.83,6.74048
8.84,6.6335
8.85,6.528
8.86,6.42392
8.87,6.32121
8.88,6.21978
8.89,6.11955
8.9,6.02043
8.91,5.92233
8.92,5.82514
8.93,5.72873
8.94,5.633
8.95,5.5378
8.96,5.44301
8.97,5.34848
8.98,5.25406
8.99,5.15962
9,5.06498
9.01,4.97
9.02,4.87452
9.03,4.77838
9.04,4.6814
9.05,4.58344
9.06,4.48432
9.07,4.38389
9.08,4.28197
9.09,4.17843
9.1,4.07309
9.11,3.96582
9.12,3.85645
9.13,3.74486
9.14,3.6309
9.15,3.51445
9.16,3.39539
9.17,3.27359
9.18,3.14896
9.19,3.0214
9.2,2.89082
9.21,2.75715
9.22,2.62032
9.23,2.48027
9.24,2.33697
9.25,2.19039
9.26,2.0405
9.27,1.88731
9.28,1.73082
9.29,1.57106
9.3,1.40806
9.31,1.24188
9.32,1.07257
9.33,0.900224
9.34,0.724933
9.35,0.546806
9.36,0.365966
9.37,0.182551
9.38,-0.00328454
9.39,-0.191375
9.4,-0.381539
9.41,-0.573582
9.42,-0.767295
9.43,-0.962456
9.44,-1.15883
9.45,-1.35617
9.46,-1.55423
9.47,-1.75272
9.48,-1.95137
9.49,-2.14988
9.5,-2.34797
9.51,-2.5453
9.52,-2.74158
9.53,-2.93648
9.54,-3.12966
9.55,-3.32078
9.56,-3.50952
9.57,-3.69551
9.58,-3.87841
9.59,-4.05787
9.6,-4.23353
9.61,-4.40506
9.62,-4.57208
9.63,-4.73426
9.64,-4.89125
9.65,-5.0427
9.66,-5.18827
9.67,-5.32764
9.68,-5.46047
9.69,-5.58646
9.7,-5.70528
9.71,-5.81665
9.72,-5.92027
9.73,-6.01586
9.74,-6.10317
9.75,-6.18195
9.76,-6.25195
9.77,-6.31296
9.78,-6.36478
9.79,-6.40721
9.8,-6.4401
9.81,-6.46328
9.82,-6.47663
9.83,-6.48003
9.84,-6.4734
9.85,-6.45666
9.86,-6.42977
9.87,-6.3927
9.88,-6.34544
9.89,-6.28802
9.9,-6.22046
9.91,-6.14284
9.92,-6.05524
9.93,-5.95778
9.94,-5.85057
9.95,-5.73379
9.96,-5.6076
9.97,-5.47221
9.98,-5.32785
9.99,-5.17476
10,-5.0132
10.01,-4.84347
10.02,-4.66589
10.03,-4.48077
10.04,-4.28847
10.05,-4.08937
10.06,-3.88385
10.07,-3.67231
10.08,-3.45517
10.09,-3.23289
10.1,-3.00591
10.11,-2.77469
10.12,-2.53972
10.13,-2.30149
10.14,-2.0605
10.15,-1.81727
10.16,-1.57231
10.17,-1.32614
10.18,-1.07931
10.19,-0.832355
10.2,-0.585805
10.21,-0.340205
10.22,-0.0960984
10.23,0.145975
10.24,0.385476
10.25,0.621871
10.26,0.85463
10.27,1.08323
10.28,1.30716
10.29,1.52591
10.3,1.73898
10.31,1.9459
10.32,2.1462
10.33,2.33942
10.34,2.52512
10.35,2.70288
10.36,2.8723
10.37,3.033
10.38,3.18461
10.39,3.3268
10.4,3.45924
10.41,3.58165
10.42,3.69375
10.43,3.7953
10.44,3.88609
10.45,3.96592
10.46,4.03463
10.47,4.09209
10.48,4.13819
10.49,4.17287
10.5,4.19606
10.51,4.20777
10.52,4.20801
10.53,4.19681
10.54,4.17426
10.55,4.14047
10.56,4.09557
10.57,4.03974
10.58,3.97316
10.59,3.89608
10.6,3.80874
10.61,3.71144
10.62,3.60449
10.63,3.48823
10.64,3.36304
10.65,3.22931
10.66,3.08746
10.67,2.93795
10.68,2.78124
10.69,2.61782
10.7,2.44822
10.71,2.27296
10.72,2.0926
10.73,1.90772
10.74,1.7189
10.75,1.52674
10.76,1.33186
10.77,1.13489
10.78,0.936474
10.79,0.737253
10.8,0.537885
10.81,0.339033
10.82,0.14136
10.83,-0.0544644
10.84,-0.247772
10.85,-0.437894
10.86,-0.624166
10.87,-0.805927
10.88,-0.982522
10.89,-1.1533
10.9,-1.31763
10.91,-1.47489
10.92,-1.62445
10.93,-1.76571
10.94,-1.8981
10.95,-2.02105
10.96,-2.13401
10.97,-2.23644
10.98,-2.32785
10.99,-2.40775
11,-2.47569
11.01,-2.53122
11.02,-2.57395
11.03,-2.60349
11.04,-2.61951
11.05,-2.62167
11.06,-2.60969
11.07,-2.58331
11.08,-2.54232
11.09,-2.48652
11.1,-2.41575
11.11,-2.32989
11.12,-2.22886
11.13,-2.11261
11.14,-1.98111
11.15,-1.83439
11.16,-1.6725
11.17,-1.49553
11.18,-1.30361
11.19,-1.0969
11.2,-0.875602
11.21,-0.639939
11.22,-0.390181
11.23,-0.126627
11.24,0.150389
11.25,0.440503
11.26,0.743318
11.27,1.05841
11.28,1.38531
11.29,1.72354
11.3,2.07258
11.31,2.4319
11.32,2.80093
11.33,3.17908
11.34,3.56573
11.35,3.96025
11.36,4.362
11.37,4.77029
11.38,5.18444
11.39,5.60375
11.4,6.0275
11.41,6.45496
11.42,6.8854
11.43,7.31807
11.44,7.75221
11.45,8.18707
11.46,8.6219
11.47,9.05593
11.48,9.48839
11.49,9.91854
11.5,10.3456
11.51,10.7689
11.52,11.1876
11.53,11.601
11.54,12.0085
11.55,12.4092
11.56,12.8025
11.57,13.1878
11.58,13.5643
11.59,13.9315
11.6,14.2887
11.61,14.6353
11.62,14.9709
11.63,15.2947
11.64,15.6063
11.65,15.9053
11.66,16.1911
11.67,16.4633
11.68,16.7215
11.69,16.9654
11.7,17.1946
11.71,17.4088
11.72,17.6077
11.73,17.7912
11.74,17.9589
11.75,18.1107
11.76,18.2465
11.77,18.3661
11.78,18.4696
11.79,18.5569
11.8,18.628
11.81,18.6829
11.82,18.7217
11.83,18.7445
11.84,18.7514
11.85,18.7427
11.86,18.7185
11.87,18.6791
11.88,18.6247
11.89,18.5557
11.9,18.4723
11.91,18.375
11.92,18.2641
11.93,18.1399
11.94,18.0031
11.95,17.8539
11.96,17.693
11.97,17.5207
11.98,17.3376
11.99,17.1443
12,16.9413
12.01,16.7291
12.02,16.5084
12.03,16.2797
12.04,16.0437
12.05,15.8009
12.06,15.552
12.07,15.2975
12.08,15.0382
12.09,14.7746
12.1,14.5074
12.11,14.2372
12.12,13.9646
12.13,13.6902
12.14,13.4146
12.15,13.1385
12.16,12.8624
12.17,12.587
12.18,12.3127
12.19,12.0401
12.2,11.7698
12.21,11.5023
12.22,11.2381
12.23,10.9777
12.24,10.7215
12.25,10.47
12.26,10.2236
12.27,9.98271
12.28,9.7477
12.29,9.5189
12.3,9.29666
12.31,9.08125
12.32,8.87295
12.33,8.672
12.34,8.47862
12.35,8.29298
12.36,8.11524
12.37,7.94554
12.38,7.78398
12.39,7.63061
12.4,7.48549
12.41,7.34864
12.42,7.22003
12.43,7.09963
12.44,6.98736
12.45,6.88314
12.46,6.78684
12.47,6.69832
12.48,6.6174
12.49,6.54389
12.5,6.47757
12.51,6.41821
12.52,6.36553
12.53,6.31925
12.54,6.27909
12.55,6.24471
12.56,6.21578
12.57,6.19196
12.58,6.17287
12.59,6.15814
12.6,6.14737
12.61,6.14018
12.62,6.13615
12.63,6.13487
12.64,6.13591
12.65,6.13885
12.66,6.14326
12.67,6.14871
12.68,6.15478
12.69,6.16102
12.7,6.16703
12.71,6.17237
12.72,6.17663
12.73,6.1794
12.74,6.18029
12.75,6.1789
12.76,6.17486
12.77,6.16779
12.78,6.15736
12.79,6.1432
12.8,6.12502
12.81,6.1025
12.82,6.07535
12.83,6.04332
12.84,6.00614
12.85,5.9636
12.86,5.91549
12.87,5.86162
12.88,5.80184
12.89,5.73601
12.9,5.66403
12.91,5.58579
12.92,5.50124
12.93,5.41034
12.94,5.31308
12.95,5.20947
12.96,5.09955
12.97,4.98339
12.98,4.86107
12.99,4.73271
13,4.59845
13.01,4.45845
13.02,4.3129
13.03,4.16202
13.04,4.00603
13.05,3.84521
13.06,3.67981
13.07,3.51016
13.08,3.33657
13.09,3.15938
13.1,2.97895
13.11,2.79565
13.12,2.60989
13.13,2.42207
13.14,2.23261
13.15,2.04195
13.16,1.85054
13.17,1.65883
13.18,1.4673
13.19,1.27643
13.2,1.08669
13.21,0.898574
13.22,0.712577
13.23,0.529192
13.24,0.348916
13.25,0.172247
13.26,-0.000322862
13.27,-0.1683
13.28,-0.331197
13.29,-0.488532
13.3,-0.639831
13.31,-0.784628
13.32,-0.922465
13.33,-1.0529
13.34,-1.17549
13.35,-1.28983
13.36,-1.39551
13.37,-1.49214
13.38,-1.57935
13.39,-1.65678
13.4,-1.72411
13.41,-1.78101
13.42,-1.8272
13.43,-1.8624
13.44,-1.88637
13.45,-1.89888
13.46,-1.89973
13.47,-1.88875
13.48,-1.86578
13.49,-1.83071
13.5,-1.78342
13.51,-1.72386
13.52,-1.65197
13.53,-1.56775
13.54,-1.47119
13.55,-1.36234
13.56,-1.24126
13.57,-1.10804
13.58,-0.962806
13.59,-0.805695
13.6,-0.636881
13.61,-0.456562
13.62,-0.264963
13.63,-0.0623313
13.64,0.151059
13.65,0.374909
13.66,0.6089
13.67,0.852687
13.68,1.10591
13.69,1.36817
13.7,1.63907
13.71,1.91819
13.72,2.20507
13.73,2.49927
13.74,2.8003
13.75,3.10767
13.76,3.42088
13.77,3.7394
13.78,4.06273
13.79,4.3903
13.8,4.72158
13.81,5.05602
13.82,5.39305
13.83,5.7321
13.84,6.07261
13.85,6.41401
13.86,6.75573
13.87,7.09719
13.88,7.43782
13.89,7.77707
13.9,8.11436
13.91,8.44914
13.92,8.78087
13.93,9.109
13.94,9.433
13.95,9.75235
13.96,10.0665
13.97,10.3751
13.98,10.6775
13.99,10.9733
14,11.262
14.01,11.5432
14.02,11.8166
14.03,12.0816
14.04,12.338
14.05,12.5853
14.06,12.8232
14.07,13.0514
14.08,13.2696
14.09,13.4776
14.1,13.6751
14.11,13.8618
14.12,14.0376
14.13,14.2023
14.14,14.3557
14.15,14.4977
14.16,14.6282
14.17,14.7472
14.18,14.8545
14.19,14.9501
14.2,15.0341
14.21,15.1064
14.22,15.1671
14.23,15.2163
14.24,15.254
14.25,15.2803
14.26,15.2955
14.27,15.2996
14.28,15.2928
14.29,15.2753
14.3,15.2473
14.31,15.2091
14.32,15.161
14.33,15.1031
14.34,15.0358
14.35,14.9593
14.36,14.8741
14.37,14.7804
14.38,14.6786
14.39,14.569
14.4,14.452
14.41,14.328
14.42,14.1973
14.43,14.0604
14.44,13.9177
14.45,13.7696
14.46,13.6164
14.47,13.4586
14.48,13.2967
14.49,13.131
14.5,12.962
14.51,12.7901
14.52,12.6157
14.53,12.4392
14.54,12.2611
14.55,12.0817
14.56,11.9016
14.57,11.7209
14.58,11.5403
14.59,11.36
14.6,11.1805
14.61,11.0021
14.62,10.8251
14.63,10.6499
14.64,10.4769
14.65,10.3064
14.66,10.1387
14.67,9.97408
14.68,9.81284
14.69,9.65527
14.7,9.50161
14.71,9.35212
14.72,9.20702
14.73,9.06654
14.74,8.93086
14.75,8.80017
14.76,8.67465
14.77,8.55444
14.78,8.43967
14.79,8.33047
14.8,8.22695
14.81,8.12918
14.82,8.03724
14.83,7.95119
14.84,7.87107
14.85,7.7969
14.86,7.72869
14.87,7.66644
14.88,7.61014
14.89,7.55973
14.9,7.51519
14.91,7.47645
14.92,7.44344
14.93,7.41607
14.94,7.39424
14.95,7.37786
14.96,7.36679
14.97,7.36091
14.98,7.36009
14.99,7.36417
15,7.373
15.01,7.38641
15.02,7.40423
15.03,7.42629
15.04,7.4524
15.05,7.48237
15.06,7.51601
15.07,7.55312
15.08,7.59349
15.09,7.63693
15.1,7.68323
15.11,7.73217
15.12,7.78355
15.13,7.83716
15.14,7.89279
15.15,7.95023
15.16,8.00927
15.17,8.06971
15.18,8.13134
15.19,8.19396
15.2,8.25737
15.21,8.32138
15.22,8.38579
15.23,8.45042
15.24,8.5151
15.25,8.57963
15.26,8.64386
15.27,8.70761
15.28,8.77073
15.29,8.83307
15.3,8.89447
15.31,8.9548
15.32,9.01392
15.33,9.07171
15.34,9.12804
15.35,9.18281
15.36,9.23592
15.37,9.28725
15.38,9.33673
15.39,9.38427
15.4,9.42979
15.41,9.47322
15.42,9.5145
15.43,9.55358
15.44,9.5904
15.45,9.62493
15.46,9.65712
15.47,9.68695
15.48,9.7144
15.49,9.73944
15.5,9.76207
15.51,9.78227
15.52,9.80005
15.53,9.81541
15.54,9.82835
15.55,9.83889
15.56,9.84705
15.57,9.85283
15.58,9.85628
15.59,9.8574
15.6,9.85623
15.61,9.85281
15.62,9.84716
15.63,9.83932
15.64,9.82932
15.65,9.81721
15.66,9.80303
15.67,9.78681
15.68,9.76859
15.69,9.74841
15.7,9.72632
15.71,9.70236
15.72,9.67656
15.73,9.64896
15.74,9.61961
15.75,9.58853
15.76,9.55577
15.77,9.52136
15.78,9.48532
15.79,9.4477
15.8,9.40852
15.81,9.36781
15.82,9.32559
15.83,9.28189
15.84,9.23672
15.85,9.19011
15.86,9.14206
15.87,9.0926
15.88,9.04174
15.89,8.98949
15.9,8.93584
15.91,8.88082
15.92,8.82442
15.93,8.76664
15.94,8.70749
15.95,8.64695
15.96,8.58504
15.97,8.52173
15.98,8.45703
15.99,8.39093
16,8.32342
16.01,8.25448
16.02,8.18412
16.03,8.11231
16.04,8.03905
16.05,7.96433
16.06,7.88813
16.07,7.81045
16.08,7.73127
16.09,7.65059
16.1,7.5684
16.11,7.48469
16.12,7.39945
16.13,7.31269
16.14,7.2244
16.15,7.13458
16.16,7.04323
16.17,6.95035
16.18,6.85596
16.19,6.76007
16.2,6.66268
16.21,6.56382
16.22,6.4635
16.23,6.36174
16.24,6.25858
16.25,6.15403
16.26,6.04814
16.27,5.94094
16.28,5.83248
16.29,5.72279
16.3,5.61193
16.31,5.49995
16.32,5.38691
16.33,5.27287
16.34,5.15789
16.35,5.04204
16.36,4.9254
16.37,4.80805
16.38,4.69006
16.39,4.57152
16.4,4.45252
16.41,4.33315
16.42,4.21351
16.43,4.09369
16.44,3.9738
16.45,3.85395
16.46,3.73423
16.47,3.61477
16.48,3.49567
16.49,3.37706
16.5,3.25903
16.51,3.14173
16.52,3.02526
16.53,2.90976
16.54,2.79533
16.55,2.68211
16.56,2.57022
16.57,2.45979
16.58,2.35094
16.59,2.24379
16.6,2.13846
16.61,2.03509
16.62,1.93379
16.63,1.83469
16.64,1.73789
16.65,1.64353
16.66,1.55171
16.67,1.46254
16.68,1.37614
16.69,1.29261
16.7,1.21205
16.71,1.13457
16.72,1.06025
16.73,0.989197
16.74,0.921492
16.75,0.857219
16.76,0.796456
16.77,0.739277
16.78,0.685751
16.79,0.635942
16.8,0.589908
16.81,0.547702
16.82,0.509372
16.83,0.47496
16.84,0.444501
16.85,0.418026
16.86,0.39556
16.87,0.37712
16.88,0.362719
16.89,0.352364
16.9,0.346055
16.91,0.343787
16.92,0.345547
16.93,0.35132
16.94,0.361081
16.95,0.374802
16.96,0.392447
16.97,0.413977
16.98,0.439345
16.99,0.468501
17,0.501388
17.01,0.537944
17.02,0.578103
17.03,0.621795
17.04,0.668943
17.05,0.719467
17.06,0.773284
17.07,0.830305
17.08,0.890439
17.09,0.953591
17.1,1.01966
17.11,1.08855
17.12,1.16016
17.13,1.23437
17.14,1.31108
17.15,1.39018
17.16,1.47156
17.17,1.5551
17.18,1.6407
17.19,1.72822
17.2,1.81757
17.21,1.90862
17.22,2.00126
17.23,2.09537
17.24,2.19083
17.25,2.28754
17.26,2.38538
17.27,2.48423
17.28,2.58399
17.29,2.68455
17.3,2.78581
17.31,2.88765
17.32,2.98998
17.33,3.0927
17.34,3.19571
17.35,3.29892
17.36,3.40224
17.37,3.50558
17.38,3.60887
17.39,3.71201
17.4,3.81494
17.41,3.91759
17.42,4.01988
17.43,4.12176
17.44,4.22316
17.45,4.32403
17.46,4.42432
17.47,4.52398
17.48,4.62297
17.49,4.72126
17.5,4.81881
17.51,4.91558
17.52,5.01156
17.53,5.10673
17.54,5.20107
17.55,5.29456
17.56,5.3872
17.57,5.47898
17.58,5.56991
17.59,5.65999
17.6,5.74922
17.61,5.83761
17.62,5.92518
17.63,6.01195
17.64,6.09793
17.65,6.18315
17.66,6.26763
17.67,6.3514
17.68,6.4345
17.69,6.51695
17.7,6.59879
17.71,6.68005
17.72,6.76078
17.73,6.84101
17.74,6.92079
17.75,7.00015
17.76,7.07913
17.77,7.15779
17.78,7.23617
17.79,7.3143
17.8,7.39223
17.81,7.47001
17.82,7.54768
17.83,7.62528
17.84,7.70285
17.85,7.78044
17.86,7.85808
17.87,7.93582
17.88,8.01368
17.89,8.09172
17.9,8.16996
17.91,8.24843
17.92,8.32717
17.93,8.40621
17.94,8.48557
17.95,8.56528
17.96,8.64535
17.97,8.72582
17.98,8.8067
17.99,8.888
18,8.96974
18.01,9.05193
18.02,9.13457
18.03,9.21768
18.04,9.30126
18.05,9.3853
18.06,9.46981
18.07,9.55478
18.08,9.64021
18.09,9.72609
18.1,9.8124
18.11,9.89914
18.12,9.98628
18.13,10.0738
18.14,10.1617
18.15,10.25
18.16,10.3386
18.17,10.4275
18.18,10.5167
18.19,10.6061
18.2,10.6958
18.21,10.7857
18.22,10.8757
18.23,10.9659
18.24,11.0562
18.25,11.1466
18.26,11.237
18.27,11.3274
18.28,11.4178
18.29,11.5082
18.3,11.5985
18.31,11.6887
18.32,11.7787
18.33,11.8686
18.34,11.9583
18.35,12.0478
18.36,12.137
18.37,12.226
18.38,12.3146
18.39,12.403
18.4,12.491
18.41,12.5787
18.42,12.666
18.43,12.753
18.44,12.8396
18.45,12.9258
18.46,13.0116
18.47,13.097
18.48,13.182
18.49,13.2666
18.5,13.3508
18.51,13.4347
18.52,13.5182
18.53,13.6013
18.54,13.6841
18.55,13.7665
18.56,13.8487
18.57,13.9306
18.58,14.0122
18.59,14.0936
18.6,14.1749
18.61,14.2559
18.62,14.3369
18.63,14.4177
18.64,14.4986
18.65,14.5794
18.66,14.6603
18.67,14.7412
18.68,14.8223
18.69,14.9036
18.7,14.9851
18.71,15.0669
18.72,15.149
18.73,15.2315
18.74,15.3145
18.75,15.3979
18.76,15.4819
18.77,15.5665
18.78,15.6517
18.79,15.7377
18.8,15.8244
18.81,15.9119
18.82,16.0002
18.83,16.0894
18.84,16.1796
18.85,16.2707
18.86,16.3629
18.87,16.4562
18.88,16.5505
18.89,16.646
18.9,16.7426
18.91,16.8404
18.92,16.9394
18.93,17.0397
18.94,17.1411
18.95,17.2439
18.96,17.3479
18.97,17.4532
18.98,17.5597
18.99,17.6675
19,17.7765
19.01,17.8868
19.02,17.9983
19.03,18.1109
19.04,18.2247
19.05,18.3396
19.06,18.4556
19.07,18.5726
19.08,18.6906
19.09,18.8095
19.1,18.9292
19.11,19.0497
19.12,19.1709
19.13,19.2927
19.14,19.415
19.15,19.5378
19.16,19.6609
19.17,19.7842
19.18,19.9077
19.19,20.0312
19.2,20.1546
19.21,20.2777
19.22,20.4005
19.23,20.5228
19.24,20.6445
19.25,20.7655
19.26,20.8855
19.27,21.0045
19.28,21.1223
19.29,21.2387
19.3,21.3536
19.31,21.4669
19.32,21.5783
19.33,21.6877
19.34,21.795
19.35,21.8999
19.36,22.0024
19.37,22.1022
19.38,22.1991
19.39,22.2931
19.4,22.3839
19.41,22.4714
19.42,22.5554
19.43,22.6358
19.44,22.7123
19.45,22.7849
19.46,22.8533
19.47,22.9175
19.48,22.9772
19.49,23.0323
19.5,23.0827
19.51,23.1283
19.52,23.1688
19.53,23.2042
19.54,23.2344
19.55,23.2592
19.56,23.2785
19.57,23.2923
19.58,23.3004
19.59,23.3027
19.6,23.2991
19.61,23.2896
19.62,23.2741
19.63,23.2525
19.64,23.2249
19.65,23.191
19.66,23.151
19.67,23.1048
19.68,23.0523
19.69,22.9935
19.7,22.9286
19.71,22.8573
19.72,22.7799
19.73,22.6963
19.74,22.6065
19.75,22.5107
19.76,22.4088
19.77,22.3009
19.78,22.1871
19.79,22.0675
19.8,21.9422
19.81,21.8113
19.82,21.675
19.83,21.5332
19.84,21.3862
19.85,21.2341
19.86,21.0771
19.87,20.9153
19.88,20.7489
19.89,20.5781
19.9,20.403
19.91,20.2239
19.92,20.0409
19.93,19.8542
19.94,19.6641
19.95,19.4708
19.96,19.2745
19.97,19.0754
19.98,18.8738
19.99,18.6699
20,18.464
20.01,18.2562
20.02,18.0469
20.03,17.8363
20.04,17.6247
20.05,17.4123
20.06,17.1994
20.07,16.9862
20.08,16.7731
20.09,16.5602
20.1,16.3479
20.11,16.1363
20.12,15.9259
20.13,15.7167
20.14,15.5091
20.15,15.3034
20.16,15.0997
20.17,14.8984
20.18,14.6996
20.19,14.5037
20.2,14.3108
20.21,14.1211
20.22,13.935
20.23,13.7526
20.24,13.5741
20.25,13.3997
20.26,13.2297
20.27,13.0642
20.28,12.9033
20.29,12.7473
20.3,12.5963
20.31,12.4504
20.32,12.3099
20.33,12.1748
20.34,12.0452
20.35,11.9214
20.36,11.8032
20.37,11.6909
20.38,11.5846
20.39,11.4842
20.4,11.3899
20.41,11.3016
20.42,11.2195
20.43,11.1435
20.44,11.0736
20.45,11.0099
20.46,10.9522
20.47,10.9007
20.48,10.8552
20.49,10.8157
20.5,10.7821
20.51,10.7544
20.52,10.7324
20.53,10.7161
20.54,10.7054
20.55,10.7
20.56,10.7
20.57,10.7051
20.58,10.7152
20.59,10.7301
20.6,10.7497
20.61,10.7738
20.62,10.8022
20.63,10.8346
20.64,10.8709
20.65,10.9109
20.66,10.9543
20.67,11.001
20.68,11.0505
20.69,11.1029
20.7,11.1576
20.71,11.2146
20.72,11.2736
20.73,11.3343
20.74,11.3964
20.75,11.4596
20.76,11.5238
20.77,11.5885
20.78,11.6536
20.79,11.7187
20.8,11.7836
20.81,11.848
20.82,11.9117
20.83,11.9743
20.84,12.0355
20.85,12.0952
20.86,12.153
20.87,12.2086
20.88,12.2619
20.89,12.3125
20.9,12.3601
20.91,12.4047
20.92,12.4458
20.93,12.4833
20.94,12.5169
20.95,12.5465
20.96,12.5717
20.97,12.5925
20.98,12.6085
20.99,12.6197
21,12.6258
21.01,12.6267
21.02,12.6222
21.03,12.6121
21.04,12.5964
21.05,12.5749
21.06,12.5474
21.07,12.514
21.08,12.4744
21.09,12.4286
21.1,12.3766
21.11,12.3183
21.12,12.2537
21.13,12.1826
21.14,12.1052
21.15,12.0214
21.16,11.9312
21.17,11.8346
21.18,11.7317
21.19,11.6225
21.2,11.507
21.21,11.3855
21.22,11.2578
21.23,11.1242
21.24,10.9848
21.25,10.8396
21.26,10.6888
21.27,10.5325
21.28,10.371
21.29,10.2043
21.3,10.0327
21.31,9.85633
21.32,9.6754
21.33,9.49013
21.34,9.30073
21.35,9.10744
21.36,8.91049
21.37,8.71013
21.38,8.50661
21.39,8.3002
21.4,8.09117
21.41,7.87979
21.42,7.66635
21.43,7.45112
21.44,7.23442
21.45,7.01653
21.46,6.79775
21.47,6.57839
21.48,6.35877
21.49,6.13918
21.5,5.91995
21.51,5.70139
21.52,5.48381
21.53,5.26753
21.54,5.05286
21.55,4.84013
21.56,4.62964
21.57,4.4217
21.58,4.21663
21.59,4.01473
21.6,3.8163
21.61,3.62165
21.62,3.43106
21.63,3.24483
21.64,3.06324
21.65,2.88657
21.66,2.71508
21.67,2.54905
21.68,2.38872
21.69,2.23436
21.7,2.08619
21.71,1.94445
21.72,1.80936
21.73,1.68113
21.74,1.55997
21.75,1.44607
21.76,1.33961
21.77,1.24076
21.78,1.14968
21.79,1.06652
21.8,0.99141
21.81,0.924481
21.82,0.865842
21.83,0.815592
21.84,0.773817
21.85,0.740592
21.86,0.715977
21.87,0.700019
21.88,0.692754
21.89,0.694203
21.9,0.704373
21.91,0.723259
21.92,0.750844
21.93,0.787095
21.94,0.831968
21.95,0.885405
21.96,0.947333
21.97,1.01767
21.98,1.09632
21.99,1.18317
22,1.2781
22.01,1.38098
22.02,1.49166
22.03,1.60999
22.04,1.73578
22.05,1.86887
22.06,2.00907
22.07,2.15616
22.08,2.30994
22.09,2.47018
22.1,2.63666
22.11,2.80914
22.12,2.98735
22.13,3.17106
22.14,3.35998
22.15,3.55386
22.16,3.7524
22.17,3.95532
22.18,4.16233
22.19,4.37314
22.2,4.58743
22.21,4.80491
22.22,5.02525
22.23,5.24816
22.24,5.4733
22.25,5.70036
22.26,5.92902
22.27,6.15896
22.28,6.38984
22.29,6.62136
22.3,6.85318
22.31,7.08499
22.32,7.31646
22.33,7.54727
22.34,7.77711
22.35,8.00567
22.36,8.23264
22.37,8.4577
22.38,8.68057
22.39,8.90095
22.4,9.11855
22.41,9.33308
22.42,9.54427
22.43,9.75185
22.44,9.95556
22.45,10.1551
22.46,10.3504
22.47,10.541
22.48,10.7268
22.49,10.9075
22.5,11.083
22.51,11.253
22.52,11.4174
22.53,11.576
22.54,11.7286
22.55,11.875
22.56,12.0153
22.57,12.1491
22.58,12.2764
22.59,12.3971
22.6,12.511
22.61,12.6182
22.62,12.7186
22.63,12.812
22.64,12.8986
22.65,12.9781
22.66,13.0507
22.67,13.1162
22.68,13.1748
22.69,13.2265
22.7,13.2713
22.71,13.3092
22.72,13.3402
22.73,13.3646
22.74,13.3824
22.75,13.3936
22.76,13.3983
22.77,13.3968
22.78,13.3891
22.79,13.3754
22.8,13.3558
22.81,13.3305
22.82,13.2996
22.83,13.2634
22.84,13.222
22.85,13.1757
22.86,13.1246
22.87,13.069
22.88,13.0091
22.89,12.945
22.9,12.8772
22.91,12.8057
22.92,12.7308
22.93,12.6529
22.94,12.5721
22.95,12.4886
22.96,12.4029
22.97,12.315
22.98,12.2254
22.99,12.1342
23,12.0417
23.01,11.9482
23.02,11.854
23.03,11.7593
23.04,11.6643
23.05,11.5694
23.06,11.4748
23.07,11.3807
23.08,11.2874
23.09,11.1951
23.1,11.1041
23.11,11.0146
23.12,10.9269
23.13,10.8411
23.14,10.7574
23.15,10.6762
23.16,10.5974
23.17,10.5215
23.18,10.4484
23.19,10.3784
23.2,10.3117
23.21,10.2484
23.22,10.1886
23.23,10.1324
23.24,10.08
23.25,10.0315
23.26,9.98698
23.27,9.94646
23.28,9.91005
23.29,9.87779
23.3,9.84972
23.31,9.82588
23.32,9.80627
23.33,9.7909
23.34,9.77977
23.35,9.77284
23.36,9.77008
23.37,9.77144
23.38,9.77686
23.39,9.78626
23.4,9.79957
23.41,9.81667
23.42,9.83747
23.43,9.86184
23.44,9.88965
23.45,9.92075
23.46,9.95498
23.47,9.9922
23.48,10.0322
23.49,10.0748
23.5,10.1199
23.51,10.1672
23.52,10.2165
23.53,10.2676
23.54,10.3202
23.55,10.3742
23.56,10.4294
23.57,10.4853
23.58,10.5419
23.59,10.5989
23.6,10.656
23.61,10.713
23.62,10.7696
23.63,10.8255
23.64,10.8805
23.65,10.9343
23.66,10.9867
23.67,11.0374
23.68,11.0862
23.69,11.1328
23.7,11.1769
23.71,11.2183
23.72,11.2568
23.73,11.2922
23.74,11.3241
23.75,11.3524
23.76,11.3769
23.77,11.3973
23.78,11.4135
23.79,11.4253
23.8,11.4324
23.81,11.4348
23.82,11.4322
23.83,11.4245
23.84,11.4116
23.85,11.3933
23.86,11.3696
23.87,11.3403
23.88,11.3053
23.89,11.2646
23.9,11.2181
23.91,11.1658
23.92,11.1076
23.93,11.0435
23.94,10.9736
23.95,10.8977
23.96,10.816
23.97,10.7285
23.98,10.6353
23.99,10.5364
24,10.4318
24.01,10.3218
24.02,10.2064
24.03,10.0858
24.04,9.96
24.05,9.82929
24.06,9.6938
24.07,9.5537
24.08,9.40921
24.09,9.26051
24.1,9.10785
24.11,8.95144
24.12,8.79153
24.13,8.62838
24.14,8.46225
24.15,8.2934
24.16,8.12213
24.17,7.94872
24.18,7.77347
24.19,7.59668
24.2,7.41867
24.21,7.23975
24.22,7.06024
24.23,6.88046
24.24,6.70074
24.25,6.52142
24.26,6.34282
24.27,6.16528
24.28,5.98913
24.29,5.8147
24.3,5.64233
24.31,5.47234
24.32,5.30505
24.33,5.14079
24.34,4.97988
24.35,4.82263
24.36,4.66934
24.37,4.52032
24.38,4.37584
24.39,4.2362
24.4,4.10167
24.41,3.97251
24.42,3.84898
24.43,3.73132
24.44,3.61976
24.45,3.51451
24.46,3.41579
24.47,3.32379
24.48,3.23868
24.49,3.16063
24.5,3.0898
24.51,3.02631
24.52,2.97028
24.53,2.92182
24.54,2.88102
24.55,2.84795
24.56,2.82266
24.57,2.8052
24.58,2.79558
24.59,2.79381
24.6,2.79988
24.61,2.81377
24.62,2.83542
24.63,2.86477
24.64,2.90175
24.65,2.94627
24.66,2.99821
24.67,3.05744
24.68,3.12384
24.69,3.19723
24.7,3.27745
24.71,3.36431
24.72,3.45761
24.73,3.55715
24.74,3.66269
24.75,3.77399
24.76,3.89081
24.77,4.01288
24.78,4.13993
24.79,4.27169
24.8,4.40786
24.81,4.54813
24.82,4.69222
24.83,4.83979
24.84,4.99054
24.85,5.14413
24.86,5.30024
24.87,5.45853
24.88,5.61868
24.89,5.78033
24.9,5.94316
24.91,6.10681
24.92,6.27096
24.93,6.43527
24.94,6.5994
24.95,6.76301
24.96,6.92579
24.97,7.0874
24.98,7.24753
24.99,7.40586
25,7.5621
25.01,7.71594
25.02,7.86709
25.03,8.01528
25.04,8.16024
25.05,8.3017
25.06,8.43943
25.07,8.57317
25.08,8.70272
25.09,8.82785
25.1,8.94837
25.11,9.0641
25.12,9.17487
25.13,9.28052
25.14,9.38091
25.15,9.47592
25.16,9.56544
25.17,9.64938
25.18,9.72765
25.19,9.8002
25.2,9.86698
25.21,9.92796
25.22,9.98313
25.23,10.0325
25.24,10.0761
25.25,10.1139
25.26,10.146
25.27,10.1725
25.28,10.1934
25.29,10.2089
25.3,10.2191
25.31,10.224
25.32,10.2238
25.33,10.2187
25.34,10.2089
25.35,10.1945
25.36,10.1757
25.37,10.1528
25.38,10.1258
25.39,10.0952
25.4,10.061
25.41,10.0235
25.42,9.98307
25.43,9.93986
25.44,9.89416
25.45,9.84624
25.46,9.79638
25.47,9.74487
25.48,9.69198
25.49,9.63801
25.5,9.58324
25.51,9.52797
25.52,9.47249
25.53,9.4171
25.54,9.36207
25.55,9.30771
25.56,9.25429
25.57,9.20211
25.58,9.15144
25.59,9.10255
25.6,9.05572
25.61,9.01121
25.62,8.96928
25.63,8.93016
25.64,8.89412
25.65,8.86136
25.66,8.83213
25.67,8.80663
25.68,8.78506
25.69,8.76762
25.7,8.75448
25.71,8.74581
25.72,8.74178
25.73,8.74253
25.74,8.74818
25.75,8.75885
25.76,8.77466
25.77,8.79569
25.78,8.82203
25.79,8.85373
25.8,8.89085
25.81,8.93344
25.82,8.9815
25.83,9.03506
25.84,9.09412
25.85,9.15865
25.86,9.22863
25.87,9.30401
25.88,9.38475
25.89,9.47078
25.9,9.56201
25.91,9.65837
25.92,9.75974
25.93,9.86602
25.94,9.97708
25.95,10.0928
25.96,10.213
25.97,10.3376
25.98,10.4664
25.99,10.5992
26,10.7359
26.01,10.8763
26.02,11.0201
26.03,11.1673
26.04,11.3176
26.05,11.4708
26.06,11.6268
26.07,11.7852
26.08,11.9459
26.09,12.1087
26.1,12.2735
26.11,12.4399
26.12,12.6077
26.13,12.7769
26.14,12.9471
26.15,13.1182
26.16,13.2899
26.17,13.4622
26.18,13.6347
26.19,13.8074
26.2,13.98
26.21,14.1523
26.22,14.3243
26.23,14.4957
26.24,14.6664
26.25,14.8363
26.26,15.0052
26.27,15.173
26.28,15.3397
26.29,15.505
26.3,15.669
26.31,15.8315
26.32,15.9924
26.33,16.1518
26.34,16.3094
26.35,16.4654
26.36,16.6197
26.37,16.7722
26.38,16.923
26.39,17.0721
26.4,17.2194
26.41,17.365
26.42,17.5089
26.43,17.6512
26.44,17.7919
26.45,17.9311
26.46,18.0688
26.47,18.2052
26.48,18.3403
26.49,18.4742
26.5,18.6071
26.51,18.739
26.52,18.87
26.53,19.0003
26.54,19.13
26.55,19.2592
26.56,19.3881
26.57,19.5168
26.58,19.6454
26.59,19.7741
26.6,19.9031
26.61,20.0324
26.62,20.1623
26.63,20.2928
26.64,20.4242
26.65,20.5565
26.66,20.6899
26.67,20.8246
26.68,20.9606
26.69,21.0982
26.7,21.2373
26.71,21.3782
26.72,21.521
26.73,21.6657
26.74,21.8125
26.75,21.9614
26.76,22.1125
26.77,22.266
26.78,22.4218
26.79,22.58
26.8,22.7407
26.81,22.9039
26.82,23.0695
26.83,23.2377
26.84,23.4084
26.85,23.5816
26.86,23.7572
26.87,23.9352
26.88,24.1157
26.89,24.2984
26.9,24.4834
26.91,24.6704
26.92,24.8596
26.93,25.0506
26.94,25.2434
26.95,25.4379
26.96,25.6338
26.97,25.8311
26.98,26.0295
26.99,26.2288
27,26.429
27.01,26.6296
27.02,26.8306
27.03,27.0317
27.04,27.2327
27.05,27.4332
27.06,27.6331
27.07,27.8321
27.08,28.0299
27.09,28.2262
27.1,28.4208
27.11,28.6134
27.12,28.8036
27.13,28.9912
27.14,29.1759
27.15,29.3574
27.16,29.5354
27.17,29.7095
27.18,29.8795
27.19,30.045
27.2,30.2059
27.21,30.3617
27.22,30.5122
27.23,30.6571
27.24,30.7961
27.25,30.9289
27.26,31.0553
27.27,31.175
27.28,31.2877
27.29,31.3932
27.3,31.4913
27.31,31.5817
27.32,31.6643
27.33,31.7387
27.34,31.8049
27.35,31.8626
27.36,31.9117
27.37,31.952
27.38,31.9834
27.39,32.0058
27.4,32.019
27.41,32.023
27.42,32.0176
27.43,32.003
27.44,31.9789
27.45,31.9453
27.46,31.9024
27.47,31.8499
27.48,31.7881
27.49,31.7169
27.5,31.6364
27.51,31.5466
27.52,31.4478
27.53,31.3398
27.54,31.223
27.55,31.0974
27.56,30.9632
27.57,30.8206
27.58,30.6697
27.59,30.5108
27.6,30.3441
27.61,30.1698
27.62,29.9881
27.63,29.7994
27.64,29.6039
27.65,29.4018
27.66,29.1936
27.67,28.9794
27.68,28.7596
27.69,28.5345
27.7,28.3044
27.71,28.0698
27.72,27.8309
27.73,27.5881
27.74,27.3417
27.75,27.0921
27.76,26.8397
27.77,26.5848
27.78,26.3278
27.79,26.069
27.8,25.8089
27.81,25.5478
27.82,25.2861
27.83,25.024
27.84,24.7621
27.85,24.5005
27.86,24.2398
27.87,23.9801
27.88,23.7219
27.89,23.4654
27.9,23.211
27.91,22.959
27.92,22.7097
27.93,22.4633
27.94,22.2202
27.95,21.9805
27.96,21.7446
27.97,21.5127
27.98,21.2849
27.99,21.0616
28,20.8428
28.01,20.6288
28.02,20.4197
28.03,20.2157
28.04,20.0169
28.05,19.8233
28.06,19.6352
28.07,19.4525
28.08,19.2754
28.09,19.1038
28.1,18.9378
28.11,18.7775
28.12,18.6227
28.13,18.4736
28.14,18.3299
28.15,18.1918
28.16,18.0591
28.17,17.9317
28.18,17.8095
28.19,17.6924
28.2,17.5803
28.21,17.473
28.22,17.3704
28.23,17.2724
28.24,17.1786
28.25,17.0889
28.26,17.0032
28.27,16.9211
28.28,16.8426
28.29,16.7672
28.3,16.6949
28.31,16.6253
28.32,16.5582
28.33,16.4934
28.34,16.4305
28.35,16.3693
28.36,16.3095
28.37,16.2509
28.38,16.1931
28.39,16.1359
28.4,16.0791
28.41,16.0223
28.42,15.9652
28.43,15.9076
28.44,15.8493
28.45,15.7899
28.46,15.7293
28.47,15.6671
28.48,15.6031
28.49,15.537
28.5,15.4687
28.51,15.398
28.52,15.3246
28.53,15.2482
28.54,15.1689
28.55,15.0862
28.56,15.0002
28.57,14.9106
28.58,14.8173
28.59,14.7202
28.6,14.6192
28.61,14.5141
28.62,14.4049
28.63,14.2916
28.64,14.174
28.65,14.0522
28.66,13.9261
28.67,13.7956
28.68,13.661
28.69,13.522
28.7,13.3789
28.71,13.2316
28.72,13.0803
28.73,12.9249
28.74,12.7657
28.75,12.6028
28.76,12.4362
28.77,12.2661
28.78,12.0927
28.79,11.9162
28.8,11.7367
28.81,11.5545
28.82,11.3697
28.83,11.1827
28.84,10.9935
28.85,10.8025
28.86,10.61
28.87,10.4162
28.88,10.2213
28.89,10.0256
28.9,9.82956
28.91,9.6333
28.92,9.43717
28.93,9.24148
28.94,9.04654
28.95,8.85265
28.96,8.66013
28.97,8.4693
28.98,8.28047
28.99,8.09396
29,7.91007
29.01,7.72914
29.02,7.55145
29.03,7.37733
29.04,7.20707
29.05,7.04098
29.06,6.87933
29.07,6.72243
29.08,6.57053
29.09,6.42393
29.1,6.28287
29.11,6.14761
29.12,6.0184
29.13,5.89545
29.14,5.779
29.15,5.66925
29.16,5.5664
29.17,5.47063
29.18,5.38212
29.19,5.30101
29.2,5.22746
29.21,5.16158
29.22,5.10351
29.23,5.05333
29.24,5.01112
29.25,4.97697
29.26,4.95092
29.27,4.93301
29.28,4.92326
29.29,4.92168
29.3,4.92826
29.31,4.94297
29.32,4.96578
29.33,4.99663
29.34,5.03545
29.35,5.08215
29.36,5.13663
29.37,5.19878
29.38,5.26848
29.39,5.34557
29.4,5.4299
29.41,5.5213
29.42,5.61959
29.43,5.72458
29.44,5.83606
29.45,5.95381
29.46,6.07762
29.47,6.20723
29.48,6.34242
29.49,6.48291
29.5,6.62846
29.51,6.77878
29.52,6.93361
29.53,7.09266
29.54,7.25565
29.55,7.42228
29.56,7.59226
29.57,7.76528
29.58,7.94105
29.59,8.11927
29.6,8.29962
29.61,8.48181
29.62,8.66554
29.63,8.8505
29.64,9.03638
29.65,9.2229
29.66,9.40976
29.67,9.59667
29.68,9.78334
29.69,9.96949
29.7,10.1549
29.71,10.3392
29.72,10.5221
29.73,10.7035
29.74,10.8831
29.75,11.0607
29.76,11.2359
29.77,11.4087
29.78,11.5787
29.79,11.7458
29.8,11.9099
29.81,12.0707
29.82,12.228
29.83,12.3817
29.84,12.5318
29.85,12.6779
29.86,12.8201
29.87,12.9583
29.88,13.0922
29.89,13.2219
29.9,13.3473
29.91,13.4683
29.92,13.5849
29.93,13.6971
29.94,13.8048
29.95,13.908
29.96,14.0068
29.97,14.1011
29.98,14.1911
29.99,14.2766
30,14.3579
30.01,14.4348
30.02,14.5076
30.03,14.5763
30.04,14.641
30.05,14.7018
30.06,14.7588
30.07,14.8121
30.08,14.8619
30.09,14.9082
30.1,14.9513
30.11,14.9912
30.12,15.0281
30.13,15.0623
30.14,15.0937
30.15,15.1227
30.16,15.1494
30.17,15.1739
30.18,15.1964
30.19,15.2171
30.2,15.2363
30.21,15.2539
30.22,15.2704
30.23,15.2857
30.24,15.3001
30.25,15.3139
30.26,15.327
30.27,15.3398
30.28,15.3525
30.29,15.365
30.3,15.3777
30.31,15.3907
30.32,15.4041
30.33,15.4181
30.34,15.4329
30.35,15.4485
30.36,15.4651
30.37,15.4828
30.38,15.5018
30.39,15.5222
30.4,15.544
30.41,15.5673
30.42,15.5923
30.43,15.6191
30.44,15.6476
30.45,15.678
30.46,15.7103
30.47,15.7445
30.48,15.7808
30.49,15.8191
30.5,15.8594
30.51,15.9019
30.52,15.9463
30.53,15.9929
30.54,16.0415
30.55,16.0922
30.56,16.1448
30.57,16.1995
30.58,16.256
30.59,16.3145
30.6,16.3748
30.61,16.4368
30.62,16.5005
30.63,16.5659
30.64,16.6327
30.65,16.7011
30.66,16.7707
30.67,16.8417
30.68,16.9138
30.69,16.9869
30.7,17.061
30.71,17.1358
30.72,17.2114
30.73,17.2876
30.74,17.3643
30.75,17.4413
30.76,17.5185
30.77,17.5958
30.78,17.6731
30.79,17.7503
30.8,17.8271
30.81,17.9036
30.82,17.9795
30.83,18.0548
30.84,18.1293
30.85,18.203
30.86,18.2756
30.87,18.3472
30.88,18.4175
30.89,18.4865
30.9,18.5541
30.91,18.6202
30.92,18.6846
30.93,18.7474
30.94,18.8084
30.95,18.8675
30.96,18.9247
30.97,18.9799
30.98,19.033
30.99,19.0841
31,19.1329
31.01,19.1796
31.02,19.224
31.03,19.2662
31.04,19.306
31.05,19.3436
31.06,19.3788
31.07,19.4116
31.08,19.4422
31.09,19.4704
31.1,19.4962
31.11,19.5198
31.12,19.5411
31.13,19.5601
31.14,19.5769
31.15,19.5914
31.16,19.6039
31.17,19.6142
31.18,19.6225
31.19,19.6287
31.2,19.6331
31.21,19.6355
31.22,19.6361
31.23,19.635
31.24,19.6321
31.25,19.6277
31.26,19.6217
31.27,19.6142
31.28,19.6054
31.29,19.5952
31.3,19.5838
31.31,19.5713
31.32,19.5576
31.33,19.5429
31.34,19.5273
31.35,19.5109
31.36,19.4936
31.37,19.4756
31.38,19.457
31.39,19.4377
31.4,19.418
31.41,19.3977
31.42,19.3771
31.43,19.3561
31.44,19.3347
31.45,19.3131
31.46,19.2912
31.47,19.2692
31.48,19.2469
31.49,19.2245
31.5,19.202
31.51,19.1793
31.52,19.1565
31.53,19.1336
31.54,19.1106
31.55,19.0874
31.56,19.0641
31.57,19.0406
31.58,19.017
31.59,18.9931
31.6,18.9689
31.61,18.9444
31.62,18.9195
31.63,18.8943
31.64,18.8685
31.65,18.8422
31.66,18.8153
31.67,18.7876
31.68,18.7592
31.69,18.73
31.7,18.6998
31.71,18.6685
31.72,18.6361
31.73,18.6025
31.74,18.5676
31.75,18.5312
31.76,18.4932
31.77,18.4536
31.78,18.4122
31.79,18.369
31.8,18.3237
31.81,18.2764
31.82,18.2269
31.83,18.175
31.84,18.1207
31.85,18.0639
31.86,18.0045
31.87,17.9423
31.88,17.8772
31.89,17.8093
31.9,17.7383
31.91,17.6642
31.92,17.5868
31.93,17.5062
31.94,17.4223
31.95,17.3349
31.96,17.244
31.97,17.1496
31.98,17.0516
31.99,16.95
32,16.8447
32.01,16.7357
32.02,16.6231
32.03,16.5067
32.04,16.3866
32.05,16.2628
32.06,16.1353
32.07,16.0042
32.08,15.8695
32.09,15.7312
32.1,15.5893
32.11,15.4441
32.12,15.2955
32.13,15.1436
32.14,14.9885
32.15,14.8303
32.16,14.6692
32.17,14.5053
32.18,14.3387
32.19,14.1696
32.2,13.9981
32.21,13.8243
32.22,13.6486
32.23,13.471
32.24,13.2917
32.25,13.111
32.26,12.9291
32.27,12.7461
32.28,12.5624
32.29,12.3781
32.3,12.1935
32.31,12.0089
32.32,11.8244
32.33,11.6404
32.34,11.4571
32.35,11.2748
32.36,11.0937
32.37,10.9142
32.38,10.7366
32.39,10.561
32.4,10.3878
32.41,10.2173
32.42,10.0498
32.43,9.88548
32.44,9.72472
32.45,9.56779
32.46,9.41497
32.47,9.26653
32.48,9.12276
32.49,8.98393
32.5,8.85032
32.51,8.72218
32.52,8.59978
32.53,8.48337
32.54,8.37321
32.55,8.26953
32.56,8.17256
32.57,8.08253
32.58,7.99965
32.59,7.92413
32.6,7.85617
32.61,7.79595
32.62,7.74365
32.63,7.69942
32.64,7.66343
32.65,7.6358
32.66,7.61667
32.67,7.60614
32.68,7.60433
32.69,7.6113
32.7,7.62714
32.71,7.65191
32.72,7.68564
32.73,7.72836
32.74,7.7801
32.75,7.84083
32.76,7.91056
32.77,7.98925
32.78,8.07685
32.79,8.1733
32.8,8.27851
32.81,8.39241
32.82,8.51488
32.83,8.64579
32.84,8.78502
32.85,8.9324
32.86,9.08778
32.87,9.25096
32.88,9.42177
32.89,9.59997
32.9,9.78537
32.91,9.97772
32.92,10.1768
32.93,10.3823
32.94,10.5939
32.95,10.8115
32.96,11.0347
32.97,11.2632
32.98,11.4966
32.99,11.7347
33,11.9772
33.01,12.2237
33.02,12.4738
33.03,12.7272
33.04,12.9836
33.05,13.2426
33.06,13.5038
33.07,13.7669
33.08,14.0314
33.09,14.2971
33.1,14.5635
33.11,14.8302
33.12,15.0969
33.13,15.3633
33.14,15.6288
33.15,15.8933
33.16,16.1562
33.17,16.4172
33.18,16.676
33.19,16.9322
33.2,17.1854
33.21,17.4353
33.22,17.6816
33.23,17.9239
33.24,18.162
33.25,18.3954
33.26,18.624
33.27,18.8473
33.28,19.0651
33.29,19.2772
33.3,19.4833
33.31,19.6831
33.32,19.8764
33.33,20.0629
33.34,20.2426
33.35,20.4151
33.36,20.5803
33.37,20.738
33.38,20.888
33.39,21.0303
33.4,21.1647
33.41,21.2911
33.42,21.4094
33.43,21.5196
33.44,21.6215
33.45,21.7151
33.46,21.8005
33.47,21.8775
33.48,21.9462
33.49,22.0066
33.5,22.0588
33.51,22.1028
33.52,22.1386
33.53,22.1664
33.54,22.1862
33.55,22.1981
33.56,22.2023
33.57,22.199
33.58,22.1882
33.59,22.1701
33.6,22.1449
33.61,22.1129
33.62,22.0741
33.63,22.0288
33.64,21.9773
33.65,21.9197
33.66,21.8563
33.67,21.7875
33.68,21.7133
33.69,21.6342
33.7,21.5503
33.71,21.462
33.72,21.3695
33.73,21.2733
33.74,21.1734
33.75,21.0703
33.76,20.9643
33.77,20.8557
33.78,20.7448
33.79,20.6319
33.8,20.5173
33.81,20.4013
33.82,20.2844
33.83,20.1667
33.84,20.0486
33.85,19.9304
33.86,19.8124
33.87,19.695
33.88,19.5783
33.89,19.4628
33.9,19.3487
33.91,19.2363
33.92,19.1258
33.93,19.0176
33.94,18.9118
33.95,18.8089
33.96,18.7089
33.97,18.6121
33.98,18.5188
33.99,18.4292
34,18.3435
34.01,18.2618
34.02,18.1844
34.03,18.1114
34.04,18.043
34.05,17.9794
34.06,17.9206
34.07,17.8669
34.08,17.8182
34.09,17.7748
34.1,17.7367
34.11,17.7039
34.12,17.6766
34.13,17.6547
34.14,17.6384
34.15,17.6276
34.16,17.6224
34.17,17.6227
34.18,17.6285
34.19,17.6398
34.2,17.6566
34.21,17.6788
34.22,17.7063
34.23,17.7391
34.24,17.777
34.25,17.8201
34.26,17.8681
34.27,17.9209
34.28,17.9784
34.29,18.0406
34.3,18.1071
34.31,18.1779
34.32,18.2528
34.33,18.3316
34.34,18.4142
34.35,18.5003
34.36,18.5897
34.37,18.6823
34.38,18.7779
34.39,18.8762
34.4,18.977
34.41,19.0801
34.42,19.1852
34.43,19.2922
34.44,19.4008
34.45,19.5108
34.46,19.6219
34.47,19.7339
34.48,19.8466
34.49,19.9597
34.5,20.073
34.51,20.1863
34.52,20.2994
34.53,20.4119
34.54,20.5238
34.55,20.6346
34.56,20.7444
34.57,20.8528
34.58,20.9595
34.59,21.0645
34.6,21.1675
34.61,21.2684
34.62,21.3668
34.63,21.4627
34.64,21.5559
34.65,21.6462
34.66,21.7334
34.67,21.8175
34.68,21.8982
34.69,21.9754
34.7,22.0489
34.71,22.1188
34.72,22.1848
34.73,22.2469
34.74,22.3049
34.75,22.3588
34.76,22.4086
34.77,22.454
34.78,22.4952
34.79,22.532
34.8,22.5645
34.81,22.5925
34.82,22.616
34.83,22.6352
34.84,22.6499
34.85,22.6601
34.86,22.666
34.87,22.6675
34.88,22.6646
34.89,22.6575
34.9,22.646
34.91,22.6304
34.92,22.6107
34.93,22.587
34.94,22.5593
34.95,22.5277
34.96,22.4923
34.97,22.4533
34.98,22.4107
34.99,22.3647
35,22.3154
35.01,22.2628
35.02,22.2072
35.03,22.1487
35.04,22.0874
35.05,22.0234
35.06,21.9569
35.07,21.888
35.08,21.8169
35.09,21.7438
35.1,21.6687
35.11,21.5919
35.12,21.5135
35.13,21.4336
35.14,21.3525
35.15,21.2701
35.16,21.1869
35.17,21.1027
35.18,21.0179
35.19,20.9325
35.2,20.8468
35.21,20.7608
35.22,20.6747
35.23,20.5886
35.24,20.5027
35.25,20.4171
35.26,20.332
35.27,20.2473
35.28,20.1633
35.29,20.0801
35.3,19.9978
35.31,19.9165
35.32,19.8363
35.33,19.7572
35.34,19.6794
35.35,19.6029
35.36,19.5278
35.37,19.4543
35.38,19.3822
35.39,19.3118
35.4,19.243
35.41,19.1759
35.42,19.1105
35.43,19.0468
35.44,18.985
35.45,18.9249
35.46,18.8666
35.47,18.8102
35.48,18.7555
35.49,18.7027
35.5,18.6516
35.51,18.6023
35.52,18.5547
35.53,18.5088
35.54,18.4646
35.55,18.422
35.56,18.381
35.57,18.3415
35.58,18.3035
35.59,18.2669
35.6,18.2317
35.61,18.1977
35.62,18.1649
35.63,18.1332
35.64,18.1026
35.65,18.073
35.66,18.0442
35.67,18.0162
35.68,17.9889
35.69,17.9622
35.7,17.9361
35.71,17.9103
35.72,17.8849
35.73,17.8597
35.74,17.8347
35.75,17.8097
35.76,17.7846
35.77,17.7594
35.78,17.734
35.79,17.7082
35.8,17.682
35.81,17.6553
35.82,17.6279
35.83,17.5999
35.84,17.5711
35.85,17.5415
35.86,17.5109
35.87,17.4794
35.88,17.4467
35.89,17.4129
35.9,17.3779
35.91,17.3417
35.92,17.3041
35.93,17.2651
35.94,17.2248
35.95,17.1829
35.96,17.1396
35.97,17.0948
35.98,17.0483
35.99,17.0003
36,16.9507
36.01,16.8995
36.02,16.8467
36.03,16.7922
36.04,16.7361
36.05,16.6784
36.06,16.6191
36.07,16.5582
36.08,16.4957
36.09,16.4317
36.1,16.3661
36.11,16.2991
36.12,16.2307
36.13,16.1608
36.14,16.0896
36.15,16.0172
36.16,15.9435
36.17,15.8686
36.18,15.7926
36.19,15.7156
36.2,15.6376
36.21,15.5587
36.22,15.479
36.23,15.3986
36.24,15.3175
36.25,15.2359
36.26,15.1537
36.27,15.0712
36.28,14.9884
36.29,14.9054
36.3,14.8222
36.31,14.739
36.32,14.6559
36.33,14.573
36.34,14.4903
36.35,14.408
36.36,14.3261
36.37,14.2447
36.38,14.164
36.39,14.084
36.4,14.0047
36.41,13.9264
36.42,13.8491
36.43,13.7728
36.44,13.6977
36.45,13.6238
36.46,13.5512
36.47,13.4799
36.48,13.4101
36.49,13.3418
36.5,13.2751
36.51,13.21
36.52,13.1466
36.53,13.085
36.54,13.0251
36.55,12.967
36.56,12.9109
36.57,12.8566
36.58,12.8043
36.59,12.7539
36.6,12.7056
36.61,12.6592
36.62,12.6149
36.63,12.5726
36.64,12.5324
36.65,12.4942
36.66,12.4581
36.67,12.424
36.68,12.392
36.69,12.362
36.7,12.334
36.71,12.3079
36.72,12.2839
36.73,12.2617
36.74,12.2415
36.75,12.2231
36.76,12.2066
36.77,12.1919
36.78,12.1789
36.79,12.1676
36.8,12.158
36.81,12.15
36.82,12.1436
36.83,12.1386
36.84,12.1352
36.85,12.1331
36.86,12.1324
36.87,12.133
36.88,12.1349
36.89,12.1379
36.9,12.1421
36.91,12.1473
36.92,12.1535
36.93,12.1608
36.94,12.1689
36.95,12.1779
36.96,12.1878
36.97,12.1984
36.98,12.2097
36.99,12.2218
37,12.2344
37.01,12.2477
37.02,12.2616
37.03,12.276
37.04,12.2909
37.05,12.3063
37.06,12.3222
37.07,12.3385
37.08,12.3553
37.09,12.3725
37.1,12.3901
37.11,12.4081
37.12,12.4266
37.13,12.4455
37.14,12.4648
37.15,12.4846
37.16,12.5049
37.17,12.5257
37.18,12.547
37.19,12.5689
37.2,12.5913
37.21,12.6145
37.22,12.6383
37.23,12.6628
37.24,12.6881
37.25,12.7143
37.26,12.7414
37.27,12.7694
37.28,12.7985
37.29,12.8287
37.3,12.8601
37.31,12.8927
37.32,12.9266
37.33,12.962
37.34,12.9989
37.35,13.0373
37.36,13.0774
37.37,13.1192
37.38,13.1629
37.39,13.2085
37.4,13.2561
37.41,13.3058
37.42,13.3577
37.43,13.4119
37.44,13.4684
37.45,13.5274
37.46,13.5889
37.47,13.653
37.48,13.7198
37.49,13.7893
37.5,13.8617
37.51,13.937
37.52,14.0152
37.53,14.0965
37.54,14.1808
37.55,14.2683
37.56,14.359
37.57,14.4529
37.58,14.5501
37.59,14.6506
37.6,14.7544
37.61,14.8616
37.62,14.9722
37.63,15.0861
37.64,15.2034
37.65,15.3241
37.66,15.4482
37.67,15.5756
37.68,15.7063
37.69,15.8403
37.7,15.9776
37.71,16.118
37.72,16.2616
37.73,16.4083
37.74,16.5581
37.75,16.7107
37.76,16.8662
37.77,17.0245
37.78,17.1855
37.79,17.349
37.8,17.515
37.81,17.6834
37.82,17.8539
37.83,18.0266
37.84,18.2012
37.85,18.3776
37.86,18.5556
37.87,18.7352
37.88,18.9162
37.89,19.0983
37.9,19.2814
37.91,19.4654
37.92,19.6501
37.93,19.8353
37.94,20.0208
37.95,20.2065
37.96,20.3921
37.97,20.5775
37.98,20.7624
37.99,20.9468
38,21.1304
38.01,21.313
38.02,21.4944
38.03,21.6745
38.04,21.8531
38.05,22.0299
38.06,22.2049
38.07,22.3778
38.08,22.5484
38.09,22.7167
38.1,22.8823
38.11,23.0452
38.12,23.2052
38.13,23.3622
38.14,23.516
38.15,23.6664
38.16,23.8134
38.17,23.9569
38.18,24.0966
38.19,24.2325
38.2,24.3645
38.21,24.4925
38.22,24.6165
38.23,24.7362
38.24,24.8518
38.25,24.963
38.26,25.07
38.27,25.1726
38.28,25.2707
38.29,25.3645
38.3,25.4538
38.31,25.5387
38.32,25.6193
38.33,25.6954
38.34,25.7671
38.35,25.8345
38.36,25.8977
38.37,25.9566
38.38,26.0114
38.39,26.0622
38.4,26.1089
38.41,26.1518
38.42,26.1908
38.43,26.2262
38.44,26.2581
38.45,26.2865
38.46,26.3116
38.47,26.3335
38.48,26.3525
38.49,26.3686
38.5,26.3819
38.51,26.3928
38.52,26.4012
38.53,26.4075
38.54,26.4117
38.55,26.4141
38.56,26.4148
38.57,26.414
38.58,26.4119
38.59,26.4087
38.6,26.4045
38.61,26.3995
38.62,26.394
38.63,26.388
38.64,26.3819
38.65,26.3756
38.66,26.3695
38.67,26.3637
38.68,26.3582
38.69,26.3534
38.7,26.3494
38.71,26.3462
38.72,26.344
38.73,26.3431
38.74,26.3434
38.75,26.3451
38.76,26.3483
38.77,26.3531
38.78,26.3596
38.79,26.3679
38.8,26.378
38.81,26.39
38.82,26.404
38.83,26.4199
38.84,26.4379
38.85,26.4579
38.86,26.4799
38.87,26.5039
38.88,26.53
38.89,26.558
38.9,26.588
38.91,26.6199
38.92,26.6535
38.93,26.689
38.94,26.726
38.95,26.7647
38.96,26.8048
38.97,26.8462
38.98,26.8889
38.99,26.9326
39,26.9773
39.01,27.0227
39.02,27.0687
39.03,27.1152
39.04,27.1619
39.05,27.2087
39.06,27.2554
39.07,27.3017
39.08,27.3476
39.09,27.3926
39.1,27.4368
39.11,27.4797
39.12,27.5213
39.13,27.5613
39.14,27.5994
39.15,27.6355
39.16,27.6693
39.17,27.7006
39.18,27.7292
39.19,27.7549
39.2,27.7774
39.21,27.7966
39.22,27.8122
39.23,27.824
39.24,27.8319
39.25,27.8357
39.26,27.8351
39.27,27.83
39.28,27.8203
39.29,27.8058
39.3,27.7864
39.31,27.7619
39.32,27.7321
39.33,27.6972
39.34,27.6568
39.35,27.6109
39.36,27.5596
39.37,27.5026
39.38,27.4401
39.39,27.3719
39.4,27.2981
39.41,27.2187
39.42,27.1336
39.43,27.043
39.44,26.947
39.45,26.8455
39.46,26.7387
39.47,26.6266
39.48,26.5095
39.49,26.3875
39.5,26.2607
39.51,26.1293
39.52,25.9934
39.53,25.8534
39.54,25.7094
39.55,25.5617
39.56,25.4104
39.57,25.256
39.58,25.0986
39.59,24.9386
39.6,24.7763
39.61,24.6119
39.62,24.4459
39.63,24.2786
39.64,24.1102
39.65,23.9413
39.66,23.7721
39.67,23.603
39.68,23.4345
39.69,23.2669
39.7,23.1005
39.71,22.9358
39.72,22.7733
39.73,22.6132
39.74,22.456
39.75,22.3022
39.76,22.152
39.77,22.006
39.78,21.8644
39.79,21.7277
39.8,21.5963
39.81,21.4705
39.82,21.3508
39.83,21.2374
39.84,21.1308
39.85,21.0312
39.86,20.939
39.87,20.8545
39.88,20.778
39.89,20.7099
39.9,20.6502
39.91,20.5994
39.92,20.5577
39.93,20.5252
39.94,20.5021
39.95,20.4887
39.96,20.4851
39.97,20.4915
39.98,20.5078
39.99,20.5343
40,20.571
40.01,20.618
40.02,20.6752
40.03,20.7427
40.04,20.8204
40.05,20.9083
40.06,21.0063
40.07,21.1143
40.08,21.2322
40.09,21.3598
40.1,21.497
40.11,21.6435
40.12,21.7992
40.13,21.9637
40.14,22.1369
40.15,22.3184
40.16,22.5079
40.17,22.705
40.18,22.9095
40.19,23.1209
40.2,23.3388
40.21,23.5628
40.22,23.7925
40.23,24.0275
40.24,24.2671
40.25,24.5111
40.26,24.7588
40.27,25.0098
40.28,25.2634
40.29,25.5193
40.3,25.7768
40.31,26.0354
40.32,26.2946
40.33,26.5537
40.34,26.8121
40.35,27.0694
40.36,27.3249
40.37,27.5781
40.38,27.8284
40.39,28.0752
40.4,28.3179
40.41,28.5559
40.42,28.7888
40.43,29.0159
40.44,29.2368
40.45,29.4508
40.46,29.6575
40.47,29.8564
40.48,30.0469
40.49,30.2286
40.5,30.401
40.51,30.5637
40.52,30.7163
40.53,30.8583
40.54,30.9894
40.55,31.1093
40.56,31.2175
40.57,31.3138
40.58,31.3979
40.59,31.4695
40.6,31.5284
40.61,31.5744
40.62,31.6073
40.63,31.6269
40.64,31.6332
40.65,31.6261
40.66,31.6054
40.67,31.5712
40.68,31.5235
40.69,31.4622
40.7,31.3874
40.71,31.2993
40.72,31.1979
40.73,31.0835
40.74,30.956
40.75,30.8159
40.76,30.6633
40.77,30.4984
40.78,30.3216
40.79,30.1332
40.8,29.9335
40.81,29.7229
40.82,29.5017
40.83,29.2705
40.84,29.0296
40.85,28.7796
40.86,28.5208
40.87,28.2538
40.88,27.9791
40.89,27.6973
40.9,27.4088
40.91,27.1144
40.92,26.8144
40.93,26.5097
40.94,26.2006
40.95,25.888
40.96,25.5723
40.97,25.2542
40.98,24.9343
40.99,24.6133
41,24.2918
41.01,23.9705
41.02,23.6499
41.03,23.3307
41.04,23.0135
41.05,22.6989
41.06,22.3876
41.07,22.0802
41.08,21.7771
41.09,21.4791
41.1,21.1867
41.11,20.9004
41.12,20.6207
41.13,20.3483
41.14,20.0835
41.15,19.8268
41.16,19.5788
41.17,19.3398
41.18,19.1102
41.19,18.8905
41.2,18.681
41.21,18.482
41.22,18.2939
41.23,18.1169
41.24,17.9513
41.25,17.7973
41.26,17.655
41.27,17.5248
41.28,17.4067
41.29,17.3008
41.3,17.2072
41.31,17.1259
41.32,17.057
41.33,17.0005
41.34,16.9562
41.35,16.9242
41.36,16.9043
41.37,16.8964
41.38,16.9004
41.39,16.916
41.4,16.9431
41.41,16.9813
41.42,17.0305
41.43,17.0903
41.44,17.1604
41.45,17.2405
41.46,17.3302
41.47,17.4291
41.48,17.5368
41.49,17.653
41.5,17.777
41.51,17.9086
41.52,18.0471
41.53,18.1922
41.54,18.3433
41.55,18.4999
41.56,18.6615
41.57,18.8275
41.58,18.9973
41.59,19.1706
41.6,19.3466
41.61,19.5249
41.62,19.7049
41.63,19.886
41.64,20.0676
41.65,20.2493
41.66,20.4305
41.67,20.6106
41.68,20.7891
41.69,20.9655
41.7,21.1393
41.71,21.3099
41.72,21.4769
41.73,21.6397
41.74,21.7981
41.75,21.9514
41.76,22.0992
41.77,22.2412
41.78,22.377
41.79,22.5062
41.8,22.6284
41.81,22.7433
41.82,22.8507
41.83,22.9501
41.84,23.0415
41.85,23.1245
41.86,23.199
41.87,23.2647
41.88,23.3216
41.89,23.3694
41.9,23.4082
41.91,23.4378
41.92,23.4581
41.93,23.4692
41.94,23.471
41.95,23.4637
41.96,23.4472
41.97,23.4216
41.98,23.3871
41.99,23.3437
42,23.2917
42.01,23.2313
42.02,23.1626
42.03,23.0858
42.04,23.0013
42.05,22.9092
42.06,22.81
42.07,22.7038
42.08,22.5911
42.09,22.4721
42.1,22.3473
42.11,22.2169
42.12,22.0815
42.13,21.9413
42.14,21.7969
42.15,21.6486
42.16,21.4969
42.17,21.3422
42.18,21.1849
42.19,21.0256
42.2,20.8646
42.21,20.7024
42.22,20.5395
42.23,20.3762
42.24,20.2132
42.25,20.0508
42.26,19.8895
42.27,19.7296
42.28,19.5717
42.29,19.4162
42.3,19.2634
42.31,19.1138
42.32,18.9677
42.33,18.8257
42.34,18.6879
42.35,18.5547
42.36,18.4266
42.37,18.3037
42.38,18.1865
42.39,18.0751
42.4,17.9699
42.41,17.871
42.42,17.7788
42.43,17.6933
42.44,17.6148
42.45,17.5434
42.46,17.4793
42.47,17.4225
42.48,17.3732
42.49,17.3314
42.5,17.2972
42.51,17.2705
42.52,17.2514
42.53,17.2398
42.54,17.2357
42.55,17.239
42.56,17.2496
42.57,17.2675
42.58,17.2923
42.59,17.3241
42.6,17.3626
42.61,17.4075
42.62,17.4588
42.63,17.5162
42.64,17.5793
42.65,17.648
42.66,17.7219
42.67,17.8008
42.68,17.8843
42.69,17.9721
42.7,18.0638
42.71,18.1592
42.72,18.2579
42.73,18.3594
42.74,18.4635
42.75,18.5697
42.76,18.6777
42.77,18.7871
42.78,18.8975
42.79,19.0084
42.8,19.1196
42.81,19.2306
42.82,19.341
42.83,19.4505
42.84,19.5587
42.85,19.6652
42.86,19.7697
42.87,19.8718
42.88,19.9711
42.89,20.0674
42.9,20.1602
42.91,20.2494
42.92,20.3345
42.93,20.4154
42.94,20.4918
42.95,20.5634
42.96,20.6299
42.97,20.6912
42.98,20.7471
42.99,20.7974
43,20.8419
43.01,20.8806
43.02,20.9132
43.03,20.9397
43.04,20.96
43.05,20.9741
43.06,20.9819
43.07,20.9834
43.08,20.9787
43.09,20.9677
43.1,20.9505
43.11,20.9272
43.12,20.8978
43.13,20.8626
43.14,20.8215
43.15,20.7749
43.16,20.7228
43.17,20.6654
43.18,20.603
43.19,20.5357
43.2,20.4638
43.21,20.3877
43.22,20.3074
43.23,20.2234
43.24,20.136
43.25,20.0453
43.26,19.9519
43.27,19.8559
43.28,19.7578
43.29,19.6578
43.3,19.5564
43.31,19.4539
43.32,19.3507
43.33,19.2472
43.34,19.1436
43.35,19.0404
43.36,18.938
43.37,18.8368
43.38,18.737
43.39,18.6391
43.4,18.5434
43.41,18.4503
43.42,18.3601
43.43,18.2732
43.44,18.1899
43.45,18.1105
43.46,18.0353
43.47,17.9646
43.48,17.8986
43.49,17.8378
43.5,17.7822
43.51,17.7322
43.52,17.6878
43.53,17.6495
43.54,17.6172
43.55,17.5913
43.56,17.5717
43.57,17.5587
43.58,17.5523
43.59,17.5527
43.6,17.5598
43.61,17.5737
43.62,17.5944
43.63,17.6219
43.64,17.6561
43.65,17.6971
43.66,17.7447
43.67,17.7989
43.68,17.8594
43.69,17.9262
43.7,17.9991
43.71,18.0779
43.72,18.1624
43.73,18.2524
43.74,18.3476
43.75,18.4478
43.76,18.5526
43.77,18.6619
43.78,18.7751
43.79,18.8921
43.8,19.0125
43.81,19.1359
43.82,19.2619
43.83,19.3902
43.84,19.5203
43.85,19.6518
43.86,19.7844
43.87,19.9175
43.88,20.0508
43.89,20.1839
43.9,20.3162
43.91,20.4473
43.92,20.5769
43.93,20.7044
43.94,20.8294
43.95,20.9515
43.96,21.0702
43.97,21.1852
43.98,21.2959
43.99,21.4019
44,21.5029
44.01,21.5984
44.02,21.6881
44.03,21.7716
44.04,21.8485
44.05,21.9185
44.06,21.9812
44.07,22.0363
44.08,22.0836
44.09,22.1227
44.1,22.1533
44.11,22.1754
44.12,22.1885
44.13,22.1925
44.14,22.1874
44.15,22.1728
44.16,22.1486
44.17,22.1148
44.18,22.0713
44.19,22.0181
44.2,21.955
44.21,21.8821
44.22,21.7994
44.23,21.7069
44.24,21.6048
44.25,21.4931
44.26,21.3719
44.27,21.2413
44.28,21.1017
44.29,20.953
44.3,20.7957
44.31,20.6298
44.32,20.4557
44.33,20.2736
44.34,20.0839
44.35,19.8869
44.36,19.6829
44.37,19.4724
44.38,19.2556
44.39,19.033
44.4,18.8051
44.41,18.5722
44.42,18.3348
44.43,18.0934
44.44,17.8485
44.45,17.6005
44.46,17.35
44.47,17.0974
44.48,16.8432
44.49,16.5881
44.5,16.3325
44.51,16.0769
44.52,15.8219
44.53,15.5679
44.54,15.3157
44.55,15.0655
44.56,14.8181
44.57,14.5739
44.58,14.3334
44.59,14.0972
44.6,13.8656
44.61,13.6394
44.62,13.4188
44.63,13.2044
44.64,12.9966
44.65,12.7959
44.66,12.6027
44.67,12.4174
44.68,12.2404
44.69,12.0721
44.7,11.9128
44.71,11.7629
44.72,11.6226
44.73,11.4923
44.74,11.3723
44.75,11.2627
44.76,11.1638
44.77,11.0759
44.78,10.999
44.79,10.9333
44.8,10.879
44.81,10.8361
44.82,10.8048
44.83,10.785
44.84,10.7768
44.85,10.7802
44.86,10.7952
44.87,10.8217
44.88,10.8596
44.89,10.9088
44.9,10.9693
44.91,11.0408
44.92,11.1231
44.93,11.2161
44.94,11.3196
44.95,11.4332
44.96,11.5569
44.97,11.6901
44.98,11.8327
44.99,11.9844
45,12.1448
45.01,12.3134
45.02,12.4901
45.03,12.6744
45.04,12.8658
45.05,13.064
45.06,13.2685
45.07,13.479
45.08,13.6949
45.09,13.9159
45.1,14.1414
45.11,14.3711
45.12,14.6044
45.13,14.8409
45.14,15.0801
45.15,15.3215
45.16,15.5647
45.17,15.8092
45.18,16.0546
45.19,16.3004
45.2,16.5461
45.21,16.7913
45.22,17.0356
45.23,17.2785
45.24,17.5196
45.25,17.7586
45.26,17.995
45.27,18.2284
45.28,18.4586
45.29,18.685
45.3,18.9075
45.31,19.1257
45.32,19.3392
45.33,19.5479
45.34,19.7515
45.35,19.9496
45.36,20.1422
45.37,20.329
45.38,20.5098
45.39,20.6844
45.4,20.8528
45.41,21.0149
45.42,21.1704
45.43,21.3194
45.44,21.4618
45.45,21.5976
45.46,21.7268
45.47,21.8494
45.48,21.9655
45.49,22.0751
45.5,22.1782
45.51,22.2751
45.52,22.3658
45.53,22.4504
45.54,22.5292
45.55,22.6023
45.56,22.6699
45.57,22.7323
45.58,22.7896
45.59,22.8422
45.6,22.8902
45.61,22.934
45.62,22.9739
45.63,23.0101
45.64,23.043
45.65,23.0729
45.66,23.1001
45.67,23.125
45.68,23.1479
45.69,23.1692
45.7,23.1893
45.71,23.2085
45.72,23.2271
45.73,23.2456
45.74,23.2643
45.75,23.2836
45.76,23.3039
45.77,23.3254
45.78,23.3487
45.79,23.3739
45.8,23.4016
45.81,23.432
45.82,23.4654
45.83,23.5022
45.84,23.5427
45.85,23.5873
45.86,23.6361
45.87,23.6895
45.88,23.7477
45.89,23.8111
45.9,23.8797
45.91,23.954
45.92,24.034
45.93,24.1199
45.94,24.212
45.95,24.3103
45.96,24.4151
45.97,24.5264
45.98,24.6443
45.99,24.769
46,24.9004
46.01,25.0386
46.02,25.1837
46.03,25.3356
46.04,25.4943
46.05,25.6598
46.06,25.8321
46.07,26.0109
46.08,26.1964
46.09,26.3882
46.1,26.5864
46.11,26.7907
46.12,27.001
46.13,27.2171
46.14,27.4387
46.15,27.6658
46.16,27.898
46.17,28.1351
46.18,28.3768
46.19,28.6228
46.2,28.8729
46.21,29.1268
46.22,29.3841
46.23,29.6445
46.24,29.9077
46.25,30.1734
46.26,30.4411
46.27,30.7106
46.28,30.9815
46.29,31.2534
46.3,31.5259
46.31,31.7986
46.32,32.0713
46.33,32.3434
46.34,32.6147
46.35,32.8847
46.36,33.1532
46.37,33.4196
46.38,33.6837
46.39,33.945
46.4,34.2033
46.41,34.4581
46.42,34.7091
46.43,34.9561
46.44,35.1985
46.45,35.4362
46.46,35.6689
46.47,35.8961
46.48,36.1177
46.49,36.3334
46.5,36.5429
46.51,36.7459
46.52,36.9423
46.53,37.1317
46.54,37.3141
46.55,37.4892
46.56,37.6568
46.57,37.8168
46.58,37.969
46.59,38.1133
46.6,38.2496
46.61,38.3778
46.62,38.4979
46.63,38.6097
46.64,38.7132
46.65,38.8084
46.66,38.8953
46.67,38.9739
46.68,39.0442
46.69,39.1063
46.7,39.1601
46.71,39.2058
46.72,39.2435
46.73,39.2731
46.74,39.2949
46.75,39.309
46.76,39.3155
46.77,39.3146
46.78,39.3063
46.79,39.291
46.8,39.2687
46.81,39.2396
46.82,39.204
46.83,39.1621
46.84,39.1141
46.85,39.0601
46.86,39.0005
46.87,38.9354
46.88,38.8652
46.89,38.79
46.9,38.7101
46.91,38.6257
46.92,38.5372
46.93,38.4447
46.94,38.3485
46.95,38.2488
46.96,38.146
46.97,38.0403
46.98,37.9318
46.99,37.8209
47,37.7078
47.01,37.5928
47.02,37.476
47.03,37.3577
47.04,37.2381
47.05,37.1174
47.06,36.9959
47.07,36.8737
47.08,36.751
47.09,36.628
47.1,36.5049
47.11,36.3818
47.12,36.259
47.13,36.1364
47.14,36.0144
47.15,35.8929
47.16,35.7721
47.17,35.6521
47.18,35.5331
47.19,35.415
47.2,35.2979
47.21,35.182
47.22,35.0672
47.23,34.9537
47.24,34.8413
47.25,34.7302
47.26,34.6203
47.27,34.5117
47.28,34.4043
47.29,34.2981
47.3,34.1931
47.31,34.0892
47.32,33.9864
47.33,33.8846
47.34,33.7838
47.35,33.6838
47.36,33.5847
47.37,33.4863
47.38,33.3885
47.39,33.2913
47.4,33.1944
47.41,33.0979
47.42,33.0017
47.43,32.9055
47.44,32.8093
47.45,32.713
47.46,32.6164
47.47,32.5194
47.48,32.422
47.49,32.3239
47.5,32.2251
47.51,32.1255
47.52,32.0248
47.53,31.9231
47.54,31.8202
47.55,31.7159
47.56,31.6102
47.57,31.503
47.58,31.3942
47.59,31.2837
47.6,31.1713
47.61,31.0571
47.62,30.9409
47.63,30.8226
47.64,30.7023
47.65,30.5798
47.66,30.4552
47.67,30.3282
47.68,30.199
47.69,30.0675
47.7,29.9337
47.71,29.7975
47.72,29.659
47.73,29.5182
47.74,29.3751
47.75,29.2296
47.76,29.0819
47.77,28.932
47.78,28.7799
47.79,28.6257
47.8,28.4694
47.81,28.3111
47.82,28.1509
47.83,27.9888
47.84,27.825
47.85,27.6596
47.86,27.4926
47.87,27.3241
47.88,27.1544
47.89,26.9834
47.9,26.8113
47.91,26.6383
47.92,26.4645
47.93,26.2899
47.94,26.1149
47.95,25.9394
47.96,25.7636
47.97,25.5877
47.98,25.4119
47.99,25.2362
48,25.0609
48.01,24.886
48.02,24.7118
48.03,24.5383
48.04,24.3657
48.05,24.1942
48.06,24.0239
48.07,23.8549
48.08,23.6874
48.09,23.5214
48.1,23.3573
48.11,23.195
48.12,23.0346
48.13,22.8764
48.14,22.7203
48.15,22.5666
48.16,22.4152
48.17,22.2664
48.18,22.1202
48.19,21.9766
48.2,21.8357
48.21,21.6977
48.22,21.5625
48.23,21.4303
48.24,21.301
48.25,21.1747
48.26,21.0515
48.27,20.9313
48.28,20.8142
48.29,20.7002
48.3,20.5893
48.31,20.4815
48.32,20.3767
48.33,20.275
48.34,20.1764
48.35,20.0808
48.36,19.9882
48.37,19.8985
48.38,19.8117
48.39,19.7278
48.4,19.6467
48.41,19.5683
48.42,19.4925
48.43,19.4194
48.44,19.3488
48.45,19.2807
48.46,19.215
48.47,19.1515
48.48,19.0904
48.49,19.0313
48.5,18.9743
48.51,18.9193
48.52,18.8662
48.53,18.815
48.54,18.7654
48.55,18.7176
48.56,18.6713
48.57,18.6265
48.58,18.5832
48.59,18.5412
48.6,18.5005
48.61,18.4611
48.62,18.4228
48.63,18.3856
48.64,18.3495
48.65,18.3145
48.66,18.2804
48.67,18.2472
48.68,18.215
48.69,18.1837
48.7,18.1533
48.71,18.1237
48.72,18.095
48.73,18.0672
48.74,18.0402
48.75,18.0141
48.76,17.989
48.77,17.9648
48.78,17.9416
48.79,17.9194
48.8,17.8984
48.81,17.8784
48.82,17.8597
48.83,17.8422
48.84,17.8261
48.85,17.8115
48.86,17.7983
48.87,17.7868
48.88,17.777
48.89,17.7691
48.9,17.7631
48.91,17.7591
48.92,17.7573
48.93,17.7578
48.94,17.7608
48.95,17.7663
48.96,17.7744
48.97,17.7854
48.98,17.7994
48.99,17.8164
49,17.8366
49.01,17.8602
49.02,17.8873
49.03,17.918
49.04,17.9524
49.05,17.9907
49.06,18.0331
49.07,18.0796
49.08,18.1303
49.09,18.1854
49.1,18.245
49.11,18.3092
49.12,18.3781
49.13,18.4517
49.14,18.5302
49.15,18.6137
49.16,18.7022
49.17,18.7957
49.18,18.8944
49.19,18.9983
49.2,19.1075
49.21,19.2218
49.22,19.3415
49.23,19.4664
49.24,19.5966
49.25,19.7321
49.26,19.8728
49.27,20.0187
49.28,20.1697
49.29,20.3259
49.3,20.4871
49.31,20.6532
49.32,20.8242
49.33,20.9999
49.34,21.1803
49.35,21.3652
49.36,21.5544
49.37,21.7479
49.38,21.9454
49.39,22.1469
49.4,22.352
49.41,22.5607
49.42,22.7726
49.43,22.9877
49.44,23.2057
49.45,23.4263
49.46,23.6494
49.47,23.8746
49.48,24.1017
49.49,24.3305
49.5,24.5607
49.51,24.7921
49.52,25.0242
49.53,25.257
49.54,25.49
49.55,25.723
49.56,25.9557
49.57,26.1879
49.58,26.4191
49.59,26.6491
49.6,26.8776
49.61,27.1044
49.62,27.3291
49.63,27.5514
49.64,27.771
49.65,27.9877
49.66,28.2011
49.67,28.411
49.68,28.6171
49.69,28.8192
49.7,29.0169
49.71,29.21
49.72,29.3983
49.73,29.5816
49.74,29.7595
49.75,29.9319
49.76,30.0986
49.77,30.2593
49.78,30.4139
49.79,30.5621
49.8,30.7039
49.81,30.8391
49.82,30.9675
49.83,31.0889
49.84,31.2034
49.85,31.3107
49.86,31.4108
49.87,31.5036
49.88,31.589
49.89,31.667
49.9,31.7376
49.91,31.8007
49.92,31.8563
49.93,31.9045
49.94,31.9452
49.95,31.9785
49.96,32.0045
49.97,32.0232
49.98,32.0346
49.99,32.039
50,32.0363
