dt,U_dN
0,0
0.01,0.0001599
0.02,0.000639088
0.03,0.00143603
0.04,0.00254818
0.05,0.00397198
0.06,0.00570289
0.07,0.00773539
0.08,0.010063
0.09,0.0126784
0.1,0.0155732
0.11,0.0187384
0.12,0.022164
0.13,0.0258393
0.14,0.0297527
0.15,0.0338923
0.16,0.0382452
0.17,0.0427982
0.18,0.0475373
0.19,0.0524483
0.2,0.0575164
0.21,0.0627268
0.22,0.068064
0.23,0.0735126
0.24,0.0790571
0.25,0.0846817
0.26,0.0903708
0.27,0.0961088
0.28,0.10188
0.29,0.10767
0.3,0.113464
0.31,0.119246
0.32,0.125003
0.33,0.130721
0.34,0.136388
0.35,0.14199
0.36,0.147517
0.37,0.152956
0.38,0.158299
0.39,0.163536
0.4,0.168658
0.41,0.173658
0.42,0.17853
0.43,0.183268
0.44,0.187868
0.45,0.192327
0.46,0.196644
0.47,0.200817
0.48,0.204846
0.49,0.208735
0.5,0.212485
0.51,0.2161
0.52,0.219587
0.53,0.222952
0.54,0.226203
0.55,0.229349
0.56,0.2324
0.57,0.235369
0.58,0.238268
0.59,0.241111
0.6,0.243913
0.61,0.246691
0.62,0.249462
0.63,0.252244
0.64,0.255058
0.65,0.257922
0.66,0.260858
0.67,0.263889
0.68,0.267036
0.69,0.270324
0.7,0.273776
0.71,0.277418
0.72,0.281273
0.73,0.285368
0.74,0.289729
0.75,0.294381
0.76,0.299352
0.77,0.304667
0.78,0.310353
0.79,0.316436
0.8,0.322943
0.81,0.3299
0.82,0.337332
0.83,0.345266
0.84,0.353726
0.85,0.362736
0.86,0.372321
0.87,0.382504
0.88,0.393307
0.89,0.404753
0.9,0.416861
0.91,0.429652
0.92,0.443146
0.93,0.457358
0.94,0.472307
0.95,0.488009
0.96,0.504476
0.97,0.521723
0.98,0.539761
0.99,0.558601
1,0.578252
1.01,0.598722
1.02,0.620016
1.03,0.64214
1.04,0.665097
1.05,0.688889
1.06,0.713517
1.07,0.738979
1.08,0.765272
1.09,0.792394
1.1,0.820338
1.11,0.849097
1.12,0.878662
1.13,0.909025
1.14,0.940174
1.15,0.972097
1.16,1.00478
1.17,1.0382
1.18,1.07236
1.19,1.10722
1.2,1.14278
1.21,1.179
1.22,1.21588
1.23,1.25339
1.24,1.2915
1.25,1.33019
1.26,1.36944
1.27,1.40922
1.28,1.44951
1.29,1.49027
1.3,1.53149
1.31,1.57313
1.32,1.61516
1.33,1.65756
1.34,1.7003
1.35,1.74334
1.36,1.78666
1.37,1.83023
1.38,1.87402
1.39,1.918
1.4,1.96213
1.41,2.00639
1.42,2.05075
1.43,2.09518
1.44,2.13965
1.45,2.18413
1.46,2.2286
1.47,2.27301
1.48,2.31736
1.49,2.3616
1.5,2.40571
1.51,2.44967
1.52,2.49344
1.53,2.53701
1.54,2.58035
1.55,2.62343
1.56,2.66623
1.57,2.70872
1.58,2.75089
1.59,2.79271
1.6,2.83416
1.61,2.87522
1.62,2.91586
1.63,2.95607
1.64,2.99582
1.65,3.03511
1.66,3.0739
1.67,3.11218
1.68,3.14993
1.69,3.18713
1.7,3.22378
1.71,3.25984
1.72,3.2953
1.73,3.33015
1.74,3.36436
1.75,3.39792
1.76,3.43082
1.77,3.46304
1.78,3.49456
1.79,3.52536
1.8,3.55542
1.81,3.58474
1.82,3.61328
1.83,3.64104
1.84,3.668
1.85,3.69413
1.86,3.71942
1.87,3.74385
1.88,3.76739
1.89,3.79004
1.9,3.81176
1.91,3.83253
1.92,3.85234
1.93,3.87116
1.94,3.88897
1.95,3.90573
1.96,3.92144
1.97,3.93605
1.98,3.94955
1.99,3.96192
2,3.97311
2.01,3.9831
2.02,3.99187
2.03,3.99938
2.04,4.00561
2.05,4.01052
2.06,4.01409
2.07,4.01627
2.08,4.01705
2.09,4.01638
2.1,4.01424
2.11,4.01059
2.12,4.00539
2.13,3.99862
2.14,3.99024
2.15,3.98022
2.16,3.96852
2.17,3.95512
2.18,3.93997
2.19,3.92305
2.2,3.90432
2.21,3.88375
2.22,3.86132
2.23,3.83698
2.24,3.81072
2.25,3.78251
2.26,3.7523
2.27,3.72009
2.28,3.68585
2.29,3.64954
2.3,3.61116
2.31,3.57068
2.32,3.52808
2.33,3.48334
2.34,3.43645
2.35,3.3874
2.36,3.33618
2.37,3.28278
2.38,3.22719
2.39,3.16941
2.4,3.10943
2.41,3.04727
2.42,2.98292
2.43,2.91639
2.44,2.84769
2.45,2.77683
2.46,2.70384
2.47,2.62872
2.48,2.5515
2.49,2.47221
2.5,2.39088
2.51,2.30752
2.52,2.22219
2.53,2.13492
2.54,2.04575
2.55,1.95472
2.56,1.86188
2.57,1.76728
2.58,1.67099
2.59,1.57305
2.6,1.47352
2.61,1.37248
2.62,1.26998
2.63,1.16611
2.64,1.06092
2.65,0.954503
2.66,0.846933
2.67,0.738291
2.68,0.628664
2.69,0.518137
2.7,0.406802
2.71,0.29475
2.72,0.182077
2.73,0.0688775
2.74,-0.044748
2.75,-0.158699
2.76,-0.272874
2.77,-0.387168
2.78,-0.501475
2.79,-0.615689
2.8,-0.729702
2.81,-0.843404
2.82,-0.956686
2.83,-1.06944
2.84,-1.18154
2.85,-1.2929
2.86,-1.40339
2.87,-1.5129
2.88,-1.62132
2.89,-1.72854
2.9,-1.83445
2.91,-1.93894
2.92,-2.0419
2.93,-2.14322
2.94,-2.2428
2.95,-2.34052
2.96,-2.43629
2.97,-2.53001
2.98,-2.62157
2.99,-2.71087
3,-2.79783
3.01,-2.88234
3.02,-2.96431
3.03,-3.04367
3.04,-3.12031
3.05,-3.19416
3.06,-3.26514
3.07,-3.33318
3.08,-3.39819
3.09,-3.46012
3.1,-3.51889
3.11,-3.57444
3.12,-3.62672
3.13,-3.67566
3.14,-3.72123
3.15,-3.76337
3.16,-3.80203
3.17,-3.83719
3.18,-3.86881
3.19,-3.89685
3.2,-3.92129
3.21,-3.94212
3.22,-3.9593
3.23,-3.97284
3.24,-3.98271
3.25,-3.98892
3.26,-3.99147
3.27,-3.99036
3.28,-3.98559
3.29,-3.97719
3.3,-3.96517
3.31,-3.94955
3.32,-3.93036
3.33,-3.90762
3.34,-3.88137
3.35,-3.85165
3.36,-3.8185
3.37,-3.78196
3.38,-3.74209
3.39,-3.69893
3.4,-3.65254
3.41,-3.60298
3.42,-3.55031
3.43,-3.49461
3.44,-3.43593
3.45,-3.37436
3.46,-3.30996
3.47,-3.24282
3.48,-3.17301
3.49,-3.10063
3.5,-3.02574
3.51,-2.94845
3.52,-2.86884
3.53,-2.787
3.54,-2.70303
3.55,-2.61703
3.56,-2.52909
3.57,-2.4393
3.58,-2.34778
3.59,-2.25462
3.6,-2.15992
3.61,-2.06379
3.62,-1.96634
3.63,-1.86766
3.64,-1.76786
3.65,-1.66706
3.66,-1.56535
3.67,-1.46284
3.68,-1.35964
3.69,-1.25586
3.7,-1.15161
3.71,-1.04698
3.72,-0.942096
3.73,-0.83705
3.74,-0.731952
3.75,-0.626906
3.76,-0.522017
3.77,-0.417388
3.78,-0.313119
3.79,-0.209314
3.8,-0.106071
3.81,-0.00348871
3.82,0.0983344
3.83,0.199303
3.84,0.299321
3.85,0.398297
3.86,0.496139
3.87,0.592756
3.88,0.688061
3.89,0.781967
3.9,0.874389
3.91,0.965244
3.92,1.05445
3.93,1.14193
3.94,1.22761
3.95,1.31141
3.96,1.39326
3.97,1.47309
3.98,1.55083
3.99,1.62641
4,1.69978
4.01,1.77086
4.02,1.8396
4.03,1.90595
4.04,1.96985
4.05,2.03124
4.06,2.09008
4.07,2.14632
4.08,2.19991
4.09,2.25082
4.1,2.299
4.11,2.34441
4.12,2.38703
4.13,2.42682
4.14,2.46375
4.15,2.49779
4.16,2.52892
4.17,2.55712
4.18,2.58237
4.19,2.60464
4.2,2.62394
4.21,2.64024
4.22,2.65354
4.23,2.66384
4.24,2.67112
4.25,2.67539
4.26,2.67665
4.27,2.6749
4.28,2.67015
4.29,2.66241
4.3,2.6517
4.31,2.63802
4.32,2.6214
4.33,2.60185
4.34,2.5794
4.35,2.55407
4.36,2.52588
4.37,2.49488
4.38,2.46108
4.39,2.42452
4.4,2.38525
4.41,2.3433
4.42,2.2987
4.43,2.25151
4.44,2.20177
4.45,2.14952
4.46,2.09482
4.47,2.03772
4.48,1.97828
4.49,1.91653
4.5,1.85256
4.51,1.78641
4.52,1.71814
4.53,1.64782
4.54,1.57551
4.55,1.50129
4.56,1.4252
4.57,1.34733
4.58,1.26774
4.59,1.18651
4.6,1.1037
4.61,1.01939
4.62,0.933651
4.63,0.846561
4.64,0.758194
4.65,0.668625
4.66,0.577931
4.67,0.48619
4.68,0.393478
4.69,0.299873
4.7,0.205452
4.71,0.110293
4.72,0.0144735
4.73,-0.0819296
4.74,-0.178839
4.75,-0.27618
4.76,-0.373874
4.77,-0.471848
4.78,-0.570027
4.79,-0.668338
4.8,-0.766707
4.81,-0.865064
4.82,-0.963339
4.83,-1.06146
4.84,-1.15937
4.85,-1.25699
4.86,-1.35426
4.87,-1.45112
4.88,-1.5475
4.89,-1.64336
4.9,-1.73862
4.91,-1.83325
4.92,-1.92718
4.93,-2.02036
4.94,-2.11275
4.95,-2.20429
4.96,-2.29496
4.97,-2.3847
4.98,-2.47347
4.99,-2.56125
5,-2.64799
5.01,-2.73367
5.02,-2.81827
5.03,-2.90174
5.04,-2.98408
5.05,-3.06526
5.06,-3.14526
5.07,-3.22408
5.08,-3.3017
5.09,-3.37811
5.1,-3.4533
5.11,-3.52728
5.12,-3.60004
5.13,-3.67159
5.14,-3.74192
5.15,-3.81106
5.16,-3.879
5.17,-3.94576
5.18,-4.01135
5.19,-4.0758
5.2,-4.13912
5.21,-4.20134
5.22,-4.26247
5.23,-4.32255
5.24,-4.3816
5.25,-4.43965
5.26,-4.49673
5.27,-4.55288
5.28,-4.60814
5.29,-4.66253
5.3,-4.7161
5.31,-4.76888
5.32,-4.82091
5.33,-4.87224
5.34,-4.92291
5.35,-4.97295
5.36,-5.02242
5.37,-5.07135
5.38,-5.11978
5.39,-5.16778
5.4,-5.21536
5.41,-5.26259
5.42,-5.3095
5.43,-5.35613
5.44,-5.40254
5.45,-5.44875
5.46,-5.49482
5.47,-5.54078
5.48,-5.58667
5.49,-5.63253
5.5,-5.6784
5.51,-5.72432
5.52,-5.77031
5.53,-5.81641
5.54,-5.86265
5.55,-5.90907
5.56,-5.95568
5.57,-6.00251
5.58,-6.0496
5.59,-6.09695
5.6,-6.14459
5.61,-6.19254
5.62,-6.24081
5.63,-6.28941
5.64,-6.33835
5.65,-6.38764
5.66,-6.43729
5.67,-6.48729
5.68,-6.53765
5.69,-6.58837
5.7,-6.63943
5.71,-6.69084
5.72,-6.74258
5.73,-6.79463
5.74,-6.84699
5.75,-6.89963
5.76,-6.95254
5.77,-7.00569
5.78,-7.05905
5.79,-7.1126
5.8,-7.1663
5.81,-7.22014
5.82,-7.27406
5.83,-7.32803
5.84,-7.38201
5.85,-7.43597
5.86,-7.48986
5.87,-7.54363
5.88,-7.59724
5.89,-7.65064
5.9,-7.70378
5.91,-7.75661
5.92,-7.80908
5.93,-7.86112
5.94,-7.9127
5.95,-7.96374
5.96,-8.01421
5.97,-8.06403
5.98,-8.11315
5.99,-8.16151
6,-8.20905
6.01,-8.25572
6.02,-8.30145
6.03,-8.34619
6.04,-8.38987
6.05,-8.43244
6.06,-8.47384
6.07,-8.51401
6.08,-8.55289
6.09,-8.59043
6.1,-8.62657
6.11,-8.66126
6.12,-8.69445
6.13,-8.72608
6.14,-8.7561
6.15,-8.78446
6.16,-8.81112
6.17,-8.83602
6.18,-8.85914
6.19,-8.88041
6.2,-8.89981
6.21,-8.91729
6.22,-8.93282
6.23,-8.94636
6.24,-8.95789
6.25,-8.96737
6.26,-8.97478
6.27,-8.98009
6.28,-8.98329
6.29,-8.98434
6.3,-8.98324
6.31,-8.97997
6.32,-8.97452
6.33,-8.96689
6.34,-8.95706
6.35,-8.94503
6.36,-8.93081
6.37,-8.91439
6.38,-8.89578
6.39,-8.87499
6.4,-8.85202
6.41,-8.8269
6.42,-8.79964
6.43,-8.77026
6.44,-8.73877
6.45,-8.70521
6.46,-8.66959
6.47,-8.63195
6.48,-8.59232
6.49,-8.55073
6.5,-8.50722
6.51,-8.46183
6.52,-8.41459
6.53,-8.36555
6.54,-8.31475
6.55,-8.26224
6.56,-8.20807
6.57,-8.15228
6.58,-8.09493
6.59,-8.03607
6.6,-7.97576
6.61,-7.91405
6.62,-7.851
6.63,-7.78666
6.64,-7.72109
6.65,-7.65436
6.66,-7.58652
6.67,-7.51764
6.68,-7.44778
6.69,-7.37699
6.7,-7.30535
6.71,-7.23292
6.72,-7.15975
6.73,-7.08591
6.74,-7.01147
6.75,-6.93648
6.76,-6.86101
6.77,-6.78512
6.78,-6.70887
6.79,-6.63232
6.8,-6.55553
6.81,-6.47855
6.82,-6.40145
6.83,-6.32429
6.84,-6.24711
6.85,-6.16996
6.86,-6.09291
6.87,-6.016
6.88,-5.93928
6.89,-5.8628
6.9,-5.78661
6.91,-5.71073
6.92,-5.63523
6.93,-5.56013
6.94,-5.48547
6.95,-5.41129
6.96,-5.33762
6.97,-5.26449
6.98,-5.19193
6.99,-5.11996
7,-5.0486
7.01,-4.97788
7.02,-4.90781
7.03,-4.83841
7.04,-4.76969
7.05,-4.70165
7.06,-4.63431
7.07,-4.56767
7.08,-4.50172
7.09,-4.43648
7.1,-4.37192
7.11,-4.30806
7.12,-4.24486
7.13,-4.18233
7.14,-4.12045
7.15,-4.05919
7.16,-3.99854
7.17,-3.93847
7.18,-3.87896
7.19,-3.81998
7.2,-3.7615
7.21,-3.70348
7.22,-3.64589
7.23,-3.58868
7.24,-3.53182
7.25,-3.47527
7.26,-3.41897
7.27,-3.36289
7.28,-3.30697
7.29,-3.25117
7.3,-3.19542
7.31,-3.13968
7.32,-3.08389
7.33,-3.02799
7.34,-2.97193
7.35,-2.91564
7.36,-2.85907
7.37,-2.80215
7.38,-2.74482
7.39,-2.68702
7.4,-2.62868
7.41,-2.56975
7.42,-2.51015
7.43,-2.44982
7.44,-2.38871
7.45,-2.32674
7.46,-2.26385
7.47,-2.19998
7.48,-2.13507
7.49,-2.06905
7.5,-2.00187
7.51,-1.93347
7.52,-1.86378
7.53,-1.79276
7.54,-1.72035
7.55,-1.64649
7.56,-1.57113
7.57,-1.49423
7.58,-1.41574
7.59,-1.33561
7.6,-1.2538
7.61,-1.17028
7.62,-1.085
7.63,-0.997929
7.64,-0.909043
7.65,-0.818312
7.66,-0.72571
7.67,-0.631218
7.68,-0.534817
7.69,-0.436495
7.7,-0.336242
7.71,-0.23405
7.72,-0.129919
7.73,-0.0238489
7.74,0.0841537
7.75,0.194079
7.76,0.305914
7.77,0.419639
7.78,0.535233
7.79,0.652669
7.8,0.771915
7.81,0.892937
7.82,1.0157
7.83,1.14015
7.84,1.26624
7.85,1.39393
7.86,1.52315
7.87,1.65384
7.88,1.78594
7.89,1.91938
7.9,2.05409
7.91,2.18999
7.92,2.32699
7.93,2.46501
7.94,2.60397
7.95,2.74377
7.96,2.88431
7.97,3.0255
7.98,3.16723
7.99,3.3094
8,3.4519
8.01,3.59461
8.02,3.73743
8.03,3.88024
8.04,4.02292
8.05,4.16534
8.06,4.30739
8.07,4.44894
8.08,4.58987
8.09,4.73005
8.1,4.86935
8.11,5.00764
8.12,5.1448
8.13,5.2807
8.14,5.41519
8.15,5.54817
8.16,5.67948
8.17,5.80902
8.18,5.93665
8.19,6.06224
8.2,6.18567
8.21,6.30681
8.22,6.42555
8.23,6.54176
8.24,6.65533
8.25,6.76613
8.26,6.87406
8.27,6.97902
8.28,7.08088
8.29,7.17955
8.3,7.27494
8.31,7.36694
8.32,7.45546
8.33,7.54042
8.34,7.62174
8.35,7.69933
8.36,7.77312
8.37,7.84305
8.38,7.90905
8.39,7.97106
8.4,8.02903
8.41,8.08292
8.42,8.13268
8.43,8.17827
8.44,8.21967
8.45,8.25685
8.46,8.28979
8.47,8.31848
8.48,8.34292
8.49,8.3631
8.5,8.37903
8.51,8.39073
8.52,8.3982
8.53,8.40148
8.54,8.40059
8.55,8.39558
8.56,8.38647
8.57,8.37334
8.58,8.35621
8.59,8.33517
8.6,8.31026
8.61,8.28157
8.62,8.24917
8.63,8.21314
8.64,8.17357
8.65,8.13055
8.66,8.08418
8.67,8.03456
8.68,7.9818
8.69,7.926
8.7,7.86729
8.71,7.80577
8.72,7.74159
8.73,7.67484
8.74,7.60568
8.75,7.53423
8.76,7.46063
8.77,7.38501
8.78,7.30751
8.79,7.22828
8.8,7.14746
8.81,7.06519
8.82,6.98163
8.83,6.89692
8.84,6.8112
8.85,6.72464
8.86,6.63737
8.87,6.54955
8.88,6.46133
8.89,6.37285
8.9,6.28427
8.91,6.19573
8.92,6.10738
8.93,6.01936
8.94,5.93182
8.95,5.84489
8.96,5.75872
8.97,5.67344
8.98,5.5892
8.99,5.50611
9,5.4243
9.01,5.34391
9.02,5.26506
9.03,5.18786
9.04,5.11243
9.05,5.03888
9.06,4.96733
9.07,4.89786
9.08,4.83058
9.09,4.76559
9.1,4.70298
9.11,4.64284
9.12,4.58524
9.13,4.53026
9.14,4.47798
9.15,4.42846
9.16,4.38178
9.17,4.33797
9.18,4.29711
9.19,4.25923
9.2,4.22439
9.21,4.19262
9.22,4.16395
9.23,4.13842
9.24,4.11605
9.25,4.09686
9.26,4.08086
9.27,4.06808
9.28,4.0585
9.29,4.05215
9.3,4.04901
9.31,4.04907
9.32,4.05233
9.33,4.05877
9.34,4.06838
9.35,4.08112
9.36,4.09698
9.37,4.11593
9.38,4.13792
9.39,4.16292
9.4,4.1909
9.41,4.22181
9.42,4.25559
9.43,4.29221
9.44,4.33161
9.45,4.37374
9.46,4.41852
9.47,4.46592
9.48,4.51586
9.49,4.56828
9.5,4.62311
9.51,4.68028
9.52,4.73972
9.53,4.80137
9.54,4.86513
9.55,4.93095
9.56,4.99874
9.57,5.06842
9.58,5.13992
9.59,5.21315
9.6,5.28803
9.61,5.36448
9.62,5.44241
9.63,5.52174
9.64,5.60238
9.65,5.68425
9.66,5.76726
9.67,5.85132
9.68,5.93634
9.69,6.02224
9.7,6.10893
9.71,6.19631
9.72,6.28429
9.73,6.37279
9.74,6.46172
9.75,6.55098
9.76,6.64048
9.77,6.73014
9.78,6.81985
9.79,6.90953
9.8,6.99908
9.81,7.08842
9.82,7.17745
9.83,7.26607
9.84,7.3542
9.85,7.44174
9.86,7.52859
9.87,7.61467
9.88,7.69989
9.89,7.78414
9.9,7.86733
9.91,7.94937
9.92,8.03018
9.93,8.10964
9.94,8.18767
9.95,8.26418
9.96,8.33908
9.97,8.41226
9.98,8.48364
9.99,8.55313
10,8.62062
10.01,8.68604
10.02,8.74928
10.03,8.81027
10.04,8.86889
10.05,8.92508
10.06,8.97874
10.07,9.02977
10.08,9.0781
10.09,9.12364
10.1,9.1663
10.11,9.206
10.12,9.24265
10.13,9.27619
10.14,9.30652
10.15,9.33357
10.16,9.35727
10.17,9.37755
10.18,9.39432
10.19,9.40754
10.2,9.41712
10.21,9.42301
10.22,9.42515
10.23,9.42348
10.24,9.41795
10.25,9.40851
10.26,9.39511
10.27,9.37771
10.28,9.35627
10.29,9.33076
10.3,9.30115
10.31,9.2674
10.32,9.22952
10.33,9.18746
10.34,9.14123
10.35,9.09082
10.36,9.03623
10.37,8.97746
10.38,8.91453
10.39,8.84744
10.4,8.77623
10.41,8.70091
10.42,8.62153
10.43,8.53811
10.44,8.45072
10.45,8.35939
10.46,8.2642
10.47,8.16519
10.48,8.06245
10.49,7.95605
10.5,7.84608
10.51,7.73262
10.52,7.61578
10.53,7.49565
10.54,7.37234
10.55,7.24597
10.56,7.11666
10.57,6.98454
10.58,6.84974
10.59,6.71241
10.6,6.57267
10.61,6.4307
10.62,6.28663
10.63,6.14063
10.64,5.99287
10.65,5.84352
10.66,5.69275
10.67,5.54073
10.68,5.38766
10.69,5.23372
10.7,5.07909
10.71,4.92397
10.72,4.76855
10.73,4.61303
10.74,4.45761
10.75,4.3025
10.76,4.14788
10.77,3.99397
10.78,3.84096
10.79,3.68906
10.8,3.53847
10.81,3.3894
10.82,3.24204
10.83,3.09659
10.84,2.95326
10.85,2.81222
10.86,2.67368
10.87,2.53783
10.88,2.40484
10.89,2.27489
10.9,2.14817
10.91,2.02483
10.92,1.90506
10.93,1.789
10.94,1.6768
10.95,1.56862
10.96,1.46459
10.97,1.36484
10.98,1.26949
10.99,1.17867
11,1.09247
11.01,1.011
11.02,0.934348
11.03,0.862586
11.04,0.795788
11.05,0.734013
11.06,0.677312
11.07,0.625724
11.08,0.579278
11.09,0.537993
11.1,0.501877
11.11,0.470925
11.12,0.445124
11.13,0.424449
11.14,0.408863
11.15,0.398319
11.16,0.392758
11.17,0.39211
11.18,0.396296
11.19,0.405223
11.2,0.418789
11.21,0.436882
11.22,0.459377
11.23,0.486142
11.24,0.517032
11.25,0.551894
11.26,0.590564
11.27,0.63287
11.28,0.678632
11.29,0.727658
11.3,0.77975
11.31,0.834703
11.32,0.892304
11.33,0.95233
11.34,1.01456
11.35,1.07875
11.36,1.14467
11.37,1.21207
11.38,1.2807
11.39,1.35032
11.4,1.42066
11.41,1.49147
11.42,1.56248
11.43,1.63343
11.44,1.70406
11.45,1.7741
11.46,1.84328
11.47,1.91133
11.48,1.978
11.49,2.04302
11.5,2.10614
11.51,2.16708
11.52,2.2256
11.53,2.28145
11.54,2.33438
11.55,2.38415
11.56,2.43052
11.57,2.47328
11.58,2.51218
11.59,2.54703
11.6,2.57761
11.61,2.60372
11.62,2.62518
11.63,2.6418
11.64,2.6534
11.65,2.65984
11.66,2.66095
11.67,2.6566
11.68,2.64666
11.69,2.631
11.7,2.60953
11.71,2.58215
11.72,2.54876
11.73,2.50932
11.74,2.46374
11.75,2.412
11.76,2.35406
11.77,2.28989
11.78,2.21949
11.79,2.14287
11.8,2.06004
11.81,1.97104
11.82,1.87591
11.83,1.7747
11.84,1.66749
11.85,1.55436
11.86,1.4354
11.87,1.31071
11.88,1.18041
11.89,1.04463
11.9,0.903516
11.91,0.75721
11.92,0.605873
11.93,0.449678
11.94,0.288803
11.95,0.123438
11.96,-0.0462187
11.97,-0.219961
11.98,-0.397576
11.99,-0.578841
12,-0.763529
12.01,-0.951405
12.02,-1.14223
12.03,-1.33576
12.04,-1.53174
12.05,-1.72993
12.06,-1.93005
12.07,-2.13187
12.08,-2.3351
12.09,-2.53949
12.1,-2.74478
12.11,-2.9507
12.12,-3.15698
12.13,-3.36336
12.14,-3.56959
12.15,-3.77539
12.16,-3.98051
12.17,-4.18469
12.18,-4.38769
12.19,-4.58926
12.2,-4.78915
12.21,-4.98713
12.22,-5.18297
12.23,-5.37644
12.24,-5.56732
12.25,-5.7554
12.26,-5.94048
12.27,-6.12236
12.28,-6.30086
12.29,-6.4758
12.3,-6.647
12.31,-6.81431
12.32,-6.97757
12.33,-7.13665
12.34,-7.29141
12.35,-7.44173
12.36,-7.5875
12.37,-7.72863
12.38,-7.86503
12.39,-7.99661
12.4,-8.12331
12.41,-8.24507
12.42,-8.36185
12.43,-8.47361
12.44,-8.58033
12.45,-8.682
12.46,-8.77861
12.47,-8.87017
12.48,-8.9567
12.49,-9.03823
12.5,-9.11479
12.51,-9.18644
12.52,-9.25324
12.53,-9.31524
12.54,-9.37252
12.55,-9.42518
12.56,-9.47329
12.57,-9.51697
12.58,-9.55631
12.59,-9.59143
12.6,-9.62246
12.61,-9.64952
12.62,-9.67274
12.63,-9.69227
12.64,-9.70824
12.65,-9.7208
12.66,-9.73011
12.67,-9.73632
12.68,-9.73959
12.69,-9.74008
12.7,-9.73796
12.71,-9.73338
12.72,-9.72652
12.73,-9.71753
12.74,-9.70659
12.75,-9.69387
12.76,-9.67952
12.77,-9.66371
12.78,-9.64661
12.79,-9.62838
12.8,-9.60916
12.81,-9.58913
12.82,-9.56843
12.83,-9.5472
12.84,-9.5256
12.85,-9.50375
12.86,-9.48181
12.87,-9.45989
12.88,-9.43812
12.89,-9.41663
12.9,-9.39551
12.91,-9.37489
12.92,-9.35486
12.93,-9.33551
12.94,-9.31694
12.95,-9.29922
12.96,-9.28243
12.97,-9.26663
12.98,-9.25189
12.99,-9.23826
13,-9.22578
13.01,-9.21449
13.02,-9.20442
13.03,-9.1956
13.04,-9.18805
13.05,-9.18177
13.06,-9.17676
13.07,-9.17303
13.08,-9.17056
13.09,-9.16933
13.1,-9.16933
13.11,-9.17052
13.12,-9.17287
13.13,-9.17633
13.14,-9.18087
13.15,-9.18642
13.16,-9.19294
13.17,-9.20035
13.18,-9.20861
13.19,-9.21762
13.2,-9.22733
13.21,-9.23765
13.22,-9.24851
13.23,-9.25982
13.24,-9.27149
13.25,-9.28344
13.26,-9.29559
13.27,-9.30783
13.28,-9.32008
13.29,-9.33224
13.3,-9.34422
13.31,-9.35593
13.32,-9.36728
13.33,-9.37816
13.34,-9.3885
13.35,-9.3982
13.36,-9.40717
13.37,-9.41533
13.38,-9.42258
13.39,-9.42885
13.4,-9.43406
13.41,-9.43813
13.42,-9.44098
13.43,-9.44255
13.44,-9.44277
13.45,-9.44157
13.46,-9.4389
13.47,-9.4347
13.48,-9.42891
13.49,-9.4215
13.5,-9.41242
13.51,-9.40163
13.52,-9.3891
13.53,-9.3748
13.54,-9.35871
13.55,-9.34081
13.56,-9.32108
13.57,-9.29952
13.58,-9.27612
13.59,-9.25089
13.6,-9.22383
13.61,-9.19494
13.62,-9.16425
13.63,-9.13177
13.64,-9.09753
13.65,-9.06155
13.66,-9.02387
13.67,-8.98453
13.68,-8.94355
13.69,-8.901
13.7,-8.8569
13.71,-8.81132
13.72,-8.76431
13.73,-8.71592
13.74,-8.66621
13.75,-8.61525
13.76,-8.56309
13.77,-8.5098
13.78,-8.45545
13.79,-8.4001
13.8,-8.34384
13.81,-8.28671
13.82,-8.2288
13.83,-8.17019
13.84,-8.11093
13.85,-8.0511
13.86,-7.99077
13.87,-7.93002
13.88,-7.86891
13.89,-7.80751
13.9,-7.74589
13.91,-7.68411
13.92,-7.62224
13.93,-7.56034
13.94,-7.49848
13.95,-7.4367
13.96,-7.37507
13.97,-7.31364
13.98,-7.25246
13.99,-7.19157
14,-7.13102
14.01,-7.07085
14.02,-7.01111
14.03,-6.95181
14.04,-6.89301
14.05,-6.83471
14.06,-6.77696
14.07,-6.71976
14.08,-6.66314
14.09,-6.60711
14.1,-6.55169
14.11,-6.49687
14.12,-6.44266
14.13,-6.38906
14.14,-6.33607
14.15,-6.28368
14.16,-6.23189
14.17,-6.18067
14.18,-6.13002
14.19,-6.07992
14.2,-6.03034
14.21,-5.98126
14.22,-5.93266
14.23,-5.8845
14.24,-5.83677
14.25,-5.78942
14.26,-5.74243
14.27,-5.69576
14.28,-5.64937
14.29,-5.60322
14.3,-5.55729
14.31,-5.51153
14.32,-5.4659
14.33,-5.42037
14.34,-5.3749
14.35,-5.32945
14.36,-5.28398
14.37,-5.23846
14.38,-5.19286
14.39,-5.14713
14.4,-5.10125
14.41,-5.05519
14.42,-5.00892
14.43,-4.96241
14.44,-4.91564
14.45,-4.86858
14.46,-4.82123
14.47,-4.77356
14.48,-4.72557
14.49,-4.67723
14.5,-4.62856
14.51,-4.57953
14.52,-4.53017
14.53,-4.48047
14.54,-4.43043
14.55,-4.38008
14.56,-4.32943
14.57,-4.27851
14.58,-4.22732
14.59,-4.17592
14.6,-4.12432
14.61,-4.07256
14.62,-4.02069
14.63,-3.96876
14.64,-3.9168
14.65,-3.86488
14.66,-3.81305
14.67,-3.76137
14.68,-3.7099
14.69,-3.65872
14.7,-3.60789
14.71,-3.5575
14.72,-3.50761
14.73,-3.4583
14.74,-3.40966
14.75,-3.36178
14.76,-3.31474
14.77,-3.26863
14.78,-3.22355
14.79,-3.17957
14.8,-3.13681
14.81,-3.09535
14.82,-3.05529
14.83,-3.01673
14.84,-2.97975
14.85,-2.94446
14.86,-2.91096
14.87,-2.87933
14.88,-2.84967
14.89,-2.82208
14.9,-2.79664
14.91,-2.77344
14.92,-2.75257
14.93,-2.73411
14.94,-2.71814
14.95,-2.70474
14.96,-2.69398
14.97,-2.68593
14.98,-2.68066
14.99,-2.67824
15,-2.6787
15.01,-2.68212
15.02,-2.68852
15.03,-2.69796
15.04,-2.71048
15.05,-2.72608
15.06,-2.74482
15.07,-2.76668
15.08,-2.7917
15.09,-2.81987
15.1,-2.85119
15.11,-2.88564
15.12,-2.92321
15.13,-2.96388
15.14,-3.0076
15.15,-3.05435
15.16,-3.10408
15.17,-3.15672
15.18,-3.21221
15.19,-3.2705
15.2,-3.33149
15.21,-3.3951
15.22,-3.46125
15.23,-3.52982
15.24,-3.60071
15.25,-3.67381
15.26,-3.74899
15.27,-3.82612
15.28,-3.90507
15.29,-3.9857
15.3,-4.06785
15.31,-4.15137
15.32,-4.23609
15.33,-4.32186
15.34,-4.40849
15.35,-4.49581
15.36,-4.58364
15.37,-4.67178
15.38,-4.76005
15.39,-4.84825
15.4,-4.93617
15.41,-5.02362
15.42,-5.11038
15.43,-5.19626
15.44,-5.28103
15.45,-5.36448
15.46,-5.44641
15.47,-5.5266
15.48,-5.60482
15.49,-5.68087
15.5,-5.75452
15.51,-5.82557
15.52,-5.89381
15.53,-5.95901
15.54,-6.02097
15.55,-6.07948
15.56,-6.13434
15.57,-6.18535
15.58,-6.23231
15.59,-6.27503
15.6,-6.31332
15.61,-6.347
15.62,-6.37589
15.63,-6.39981
15.64,-6.41862
15.65,-6.43214
15.66,-6.44022
15.67,-6.44273
15.68,-6.43952
15.69,-6.43047
15.7,-6.41546
15.71,-6.39438
15.72,-6.36713
15.73,-6.33361
15.74,-6.29375
15.75,-6.24747
15.76,-6.19472
15.77,-6.13542
15.78,-6.06956
15.79,-5.99709
15.8,-5.918
15.81,-5.83227
15.82,-5.73992
15.83,-5.64094
15.84,-5.53537
15.85,-5.42325
15.86,-5.30461
15.87,-5.17952
15.88,-5.04805
15.89,-4.91027
15.9,-4.76629
15.91,-4.61619
15.92,-4.4601
15.93,-4.29814
15.94,-4.13045
15.95,-3.95716
15.96,-3.77844
15.97,-3.59445
15.98,-3.40537
15.99,-3.21138
16,-3.01267
16.01,-2.80946
16.02,-2.60194
16.03,-2.39034
16.04,-2.1749
16.05,-1.95583
16.06,-1.73339
16.07,-1.50783
16.08,-1.27939
16.09,-1.04835
16.1,-0.814969
16.11,-0.579515
16.12,-0.342268
16.13,-0.103506
16.14,0.136485
16.15,0.377421
16.16,0.619011
16.17,0.860965
16.18,1.10299
16.19,1.34479
16.2,1.58608
16.21,1.82656
16.22,2.06593
16.23,2.30391
16.24,2.54021
16.25,2.77454
16.26,3.00661
16.27,3.23614
16.28,3.46286
16.29,3.68649
16.3,3.90677
16.31,4.12343
16.32,4.33621
16.33,4.54487
16.34,4.74916
16.35,4.94885
16.36,5.1437
16.37,5.3335
16.38,5.51804
16.39,5.69711
16.4,5.87053
16.41,6.0381
16.42,6.19965
16.43,6.35503
16.44,6.50408
16.45,6.64667
16.46,6.78265
16.47,6.91192
16.48,7.03437
16.49,7.1499
16.5,7.25843
16.51,7.3599
16.52,7.45425
16.53,7.54144
16.54,7.62142
16.55,7.69419
16.56,7.75974
16.57,7.81808
16.58,7.86922
16.59,7.9132
16.6,7.95006
16.61,7.97987
16.62,8.00268
16.63,8.01859
16.64,8.02768
16.65,8.03008
16.66,8.02588
16.67,8.01522
16.68,7.99825
16.69,7.97511
16.7,7.94597
16.71,7.91099
16.72,7.87036
16.73,7.82428
16.74,7.77293
16.75,7.71654
16.76,7.65531
16.77,7.58947
16.78,7.51927
16.79,7.44492
16.8,7.36668
16.81,7.28481
16.82,7.19955
16.83,7.11116
16.84,7.01992
16.85,6.92609
16.86,6.82995
16.87,6.73175
16.88,6.6318
16.89,6.53035
16.9,6.42769
16.91,6.32409
16.92,6.21984
16.93,6.11521
16.94,6.01047
16.95,5.90589
16.96,5.80176
16.97,5.69832
16.98,5.59586
16.99,5.49461
17,5.39484
17.01,5.29679
17.02,5.20071
17.03,5.10682
17.04,5.01536
17.05,4.92655
17.06,4.84059
17.07,4.75769
17.08,4.67805
17.09,4.60184
17.1,4.52925
17.11,4.46044
17.12,4.39557
17.13,4.33477
17.14,4.27819
17.15,4.22593
17.16,4.17813
17.17,4.13486
17.18,4.09623
17.19,4.0623
17.2,4.03313
17.21,4.00879
17.22,3.98929
17.23,3.97468
17.24,3.96495
17.25,3.96012
17.26,3.96017
17.27,3.96508
17.28,3.97481
17.29,3.9893
17.3,4.00851
17.31,4.03235
17.32,4.06075
17.33,4.09361
17.34,4.13082
17.35,4.17226
17.36,4.21782
17.37,4.26734
17.38,4.32068
17.39,4.37769
17.4,4.4382
17.41,4.50203
17.42,4.56901
17.43,4.63893
17.44,4.71162
17.45,4.78685
17.46,4.86443
17.47,4.94413
17.48,5.02573
17.49,5.10902
17.5,5.19375
17.51,5.27971
17.52,5.36664
17.53,5.45433
17.54,5.54252
17.55,5.63097
17.56,5.71946
17.57,5.80773
17.58,5.89555
17.59,5.98268
17.6,6.06888
17.61,6.15393
17.62,6.23759
17.63,6.31963
17.64,6.39984
17.65,6.47799
17.66,6.55389
17.67,6.62731
17.68,6.69806
17.69,6.76595
17.7,6.8308
17.71,6.89243
17.72,6.95066
17.73,7.00535
17.74,7.05634
17.75,7.10348
17.76,7.14666
17.77,7.18574
17.78,7.22062
17.79,7.25119
17.8,7.27737
17.81,7.29908
17.82,7.31625
17.83,7.32884
17.84,7.33678
17.85,7.34006
17.86,7.33865
17.87,7.33255
17.88,7.32176
17.89,7.30628
17.9,7.28616
17.91,7.26143
17.92,7.23214
17.93,7.19834
17.94,7.16012
17.95,7.11756
17.96,7.07074
17.97,7.01977
17.98,6.96477
17.99,6.90587
18,6.84318
18.01,6.77687
18.02,6.70707
18.03,6.63394
18.04,6.55766
18.05,6.4784
18.06,6.39633
18.07,6.31164
18.08,6.22454
18.09,6.13521
18.1,6.04385
18.11,5.95068
18.12,5.8559
18.13,5.75973
18.14,5.66238
18.15,5.56408
18.16,5.46503
18.17,5.36545
18.18,5.26558
18.19,5.16561
18.2,5.06578
18.21,4.96629
18.22,4.86736
18.23,4.76919
18.24,4.672
18.25,4.57599
18.26,4.48134
18.27,4.38826
18.28,4.29692
18.29,4.20752
18.3,4.12021
18.31,4.03516
18.32,3.95254
18.33,3.87249
18.34,3.79515
18.35,3.72065
18.36,3.64912
18.37,3.58066
18.38,3.51538
18.39,3.45337
18.4,3.3947
18.41,3.33946
18.42,3.28771
18.43,3.23947
18.44,3.19481
18.45,3.15373
18.46,3.11626
18.47,3.08239
18.48,3.05212
18.49,3.02543
18.5,3.00228
18.51,2.98263
18.52,2.96643
18.53,2.95361
18.54,2.94409
18.55,2.93778
18.56,2.9346
18.57,2.93442
18.58,2.93714
18.59,2.94262
18.6,2.95073
18.61,2.96132
18.62,2.97425
18.63,2.98934
18.64,3.00644
18.65,3.02536
18.66,3.04593
18.67,3.06795
18.68,3.09123
18.69,3.11557
18.7,3.14078
18.71,3.16665
18.72,3.19296
18.73,3.21951
18.74,3.24608
18.75,3.27246
18.76,3.29844
18.77,3.3238
18.78,3.34832
18.79,3.37179
18.8,3.39401
18.81,3.41477
18.82,3.43385
18.83,3.45106
18.84,3.4662
18.85,3.47909
18.86,3.48953
18.87,3.49735
18.88,3.50236
18.89,3.50442
18.9,3.50336
18.91,3.49902
18.92,3.49127
18.93,3.47998
18.94,3.46503
18.95,3.44629
18.96,3.42368
18.97,3.3971
18.98,3.36647
18.99,3.33172
19,3.29279
19.01,3.24964
19.02,3.20224
19.03,3.15056
19.04,3.0946
19.05,3.03436
19.06,2.96985
19.07,2.90111
19.08,2.82817
19.09,2.75108
19.1,2.66992
19.11,2.58476
19.12,2.49569
19.13,2.40281
19.14,2.30624
19.15,2.2061
19.16,2.10252
19.17,1.99565
19.18,1.88565
19.19,1.77268
19.2,1.65693
19.21,1.53857
19.22,1.41781
19.23,1.29484
19.24,1.16988
19.25,1.04314
19.26,0.914856
19.27,0.78525
19.28,0.654562
19.29,0.523033
19.3,0.39091
19.31,0.258443
19.32,0.125884
19.33,-0.00650938
19.34,-0.138481
19.35,-0.269772
19.36,-0.400124
19.37,-0.529277
19.38,-0.656973
19.39,-0.782955
19.4,-0.906971
19.41,-1.02877
19.42,-1.14809
19.43,-1.26471
19.44,-1.37838
19.45,-1.48886
19.46,-1.59593
19.47,-1.69937
19.48,-1.79897
19.49,-1.89451
19.5,-1.9858
19.51,-2.07265
19.52,-2.15488
19.53,-2.23233
19.54,-2.30483
19.55,-2.37223
19.56,-2.4344
19.57,-2.49121
19.58,-2.54254
19.59,-2.5883
19.6,-2.62839
19.61,-2.66274
19.62,-2.69129
19.63,-2.71397
19.64,-2.73076
19.65,-2.74163
19.66,-2.74656
19.67,-2.74557
19.68,-2.73865
19.69,-2.72586
19.7,-2.70722
19.71,-2.68279
19.72,-2.65264
19.73,-2.61685
19.74,-2.57551
19.75,-2.52874
19.76,-2.47665
19.77,-2.41938
19.78,-2.35706
19.79,-2.28984
19.8,-2.21791
19.81,-2.14142
19.82,-2.06056
19.83,-1.97554
19.84,-1.88655
19.85,-1.79381
19.86,-1.69754
19.87,-1.59796
19.88,-1.49532
19.89,-1.38986
19.9,-1.28182
19.91,-1.17145
19.92,-1.05902
19.93,-0.944785
19.94,-0.829014
19.95,-0.711973
19.96,-0.593932
19.97,-0.475165
19.98,-0.355942
19.99,-0.236536
20,-0.117221
20.01,0.00173347
20.02,0.120057
20.03,0.237484
20.04,0.353749
20.05,0.468592
20.06,0.581758
20.07,0.692993
20.08,0.802053
20.09,0.908698
20.1,1.01269
20.11,1.11381
20.12,1.21183
20.13,1.30655
20.14,1.39775
20.15,1.48525
20.16,1.56885
20.17,1.64839
20.18,1.72369
20.19,1.79461
20.2,1.86099
20.21,1.9227
20.22,1.97962
20.23,2.03163
20.24,2.07863
20.25,2.12053
20.26,2.15725
20.27,2.18873
20.28,2.21491
20.29,2.23574
20.3,2.25119
20.31,2.26125
20.32,2.26589
20.33,2.26513
20.34,2.25897
20.35,2.24745
20.36,2.23058
20.37,2.20843
20.38,2.18104
20.39,2.14848
20.4,2.11083
20.41,2.06817
20.42,2.02059
20.43,1.9682
20.44,1.91111
20.45,1.84943
20.46,1.78329
20.47,1.71283
20.48,1.63819
20.49,1.5595
20.5,1.47693
20.51,1.39063
20.52,1.30076
20.53,1.20749
20.54,1.11098
20.55,1.01141
20.56,0.908949
20.57,0.803782
20.58,0.696083
20.59,0.586033
20.6,0.473812
20.61,0.359601
20.62,0.243579
20.63,0.125926
20.64,0.00681995
20.65,-0.113564
20.66,-0.235051
20.67,-0.357472
20.68,-0.480657
20.69,-0.604444
20.7,-0.728671
20.71,-0.853183
20.72,-0.977828
20.73,-1.10246
20.74,-1.22694
20.75,-1.35113
20.76,-1.4749
20.77,-1.59813
20.78,-1.72071
20.79,-1.84251
20.8,-1.96344
20.81,-2.08341
20.82,-2.20231
20.83,-2.32008
20.84,-2.43663
20.85,-2.55189
20.86,-2.66581
20.87,-2.77833
20.88,-2.88941
20.89,-2.999
20.9,-3.10707
20.91,-3.2136
20.92,-3.31858
20.93,-3.42198
20.94,-3.5238
20.95,-3.62405
20.96,-3.72273
20.97,-3.81985
20.98,-3.91544
20.99,-4.00952
21,-4.10211
21.01,-4.19326
21.02,-4.283
21.03,-4.37137
21.04,-4.45843
21.05,-4.54421
21.06,-4.62878
21.07,-4.71219
21.08,-4.79451
21.09,-4.87578
21.1,-4.95607
21.11,-5.03545
21.12,-5.11398
21.13,-5.19172
21.14,-5.26874
21.15,-5.34511
21.16,-5.42088
21.17,-5.49612
21.18,-5.5709
21.19,-5.64526
21.2,-5.71927
21.21,-5.79298
21.22,-5.86645
21.23,-5.93972
21.24,-6.01284
21.25,-6.08584
21.26,-6.15877
21.27,-6.23166
21.28,-6.30454
21.29,-6.37742
21.3,-6.45034
21.31,-6.5233
21.32,-6.5963
21.33,-6.66936
21.34,-6.74247
21.35,-6.81562
21.36,-6.88879
21.37,-6.96197
21.38,-7.03513
21.39,-7.10823
21.4,-7.18124
21.41,-7.25411
21.42,-7.32679
21.43,-7.39923
21.44,-7.47137
21.45,-7.54313
21.46,-7.61444
21.47,-7.68524
21.48,-7.75542
21.49,-7.82492
21.5,-7.89362
21.51,-7.96145
21.52,-8.02829
21.53,-8.09404
21.54,-8.15859
21.55,-8.22183
21.56,-8.28365
21.57,-8.34392
21.58,-8.40253
21.59,-8.45936
21.6,-8.51429
21.61,-8.56718
21.62,-8.61791
21.63,-8.66637
21.64,-8.71241
21.65,-8.75593
21.66,-8.79678
21.67,-8.83486
21.68,-8.87003
21.69,-8.90218
21.7,-8.93119
21.71,-8.95694
21.72,-8.97933
21.73,-8.99825
21.74,-9.01358
21.75,-9.02524
21.76,-9.03312
21.77,-9.03713
21.78,-9.0372
21.79,-9.03323
21.8,-9.02516
21.81,-9.01292
21.82,-8.99645
21.83,-8.97568
21.84,-8.95058
21.85,-8.9211
21.86,-8.88722
21.87,-8.84889
21.88,-8.80611
21.89,-8.75887
21.9,-8.70715
21.91,-8.65097
21.92,-8.59034
21.93,-8.52528
21.94,-8.45582
21.95,-8.38199
21.96,-8.30384
21.97,-8.22143
21.98,-8.1348
21.99,-8.04404
22,-7.94922
22.01,-7.85042
22.02,-7.74773
22.03,-7.64125
22.04,-7.53108
22.05,-7.41733
22.06,-7.30013
22.07,-7.17959
22.08,-7.05585
22.09,-6.92904
22.1,-6.7993
22.11,-6.66677
22.12,-6.5316
22.13,-6.39395
22.14,-6.25398
22.15,-6.11183
22.16,-5.96769
22.17,-5.82171
22.18,-5.67406
22.19,-5.52491
22.2,-5.37444
22.21,-5.2228
22.22,-5.07018
22.23,-4.91675
22.24,-4.76267
22.25,-4.60812
22.26,-4.45327
22.27,-4.29828
22.28,-4.14332
22.29,-3.98855
22.3,-3.83413
22.31,-3.68022
22.32,-3.52696
22.33,-3.3745
22.34,-3.22299
22.35,-3.07257
22.36,-2.92336
22.37,-2.77549
22.38,-2.62909
22.39,-2.48427
22.4,-2.34114
22.41,-2.19979
22.42,-2.06033
22.43,-1.92284
22.44,-1.7874
22.45,-1.65409
22.46,-1.52296
22.47,-1.39409
22.48,-1.26751
22.49,-1.14326
22.5,-1.0214
22.51,-0.901926
22.52,-0.784874
22.53,-0.670251
22.54,-0.558058
22.55,-0.448291
22.56,-0.340938
22.57,-0.235979
22.58,-0.133387
22.59,-0.0331288
22.6,0.0648374
22.61,0.160559
22.62,0.254089
22.63,0.345487
22.64,0.434819
22.65,0.522157
22.66,0.607575
22.67,0.691154
22.68,0.77298
22.69,0.853143
22.7,0.931733
22.71,1.00885
22.72,1.08459
22.73,1.15905
22.74,1.23234
22.75,1.30456
22.76,1.37581
22.77,1.44621
22.78,1.51585
22.79,1.58485
22.8,1.6533
22.81,1.72132
22.82,1.78899
22.83,1.85643
22.84,1.92372
22.85,1.99096
22.86,2.05823
22.87,2.12563
22.88,2.19324
22.89,2.26112
22.9,2.32935
22.91,2.39799
22.92,2.46711
22.93,2.53675
22.94,2.60696
22.95,2.67778
22.96,2.74924
22.97,2.82135
22.98,2.89415
22.99,2.96763
23,3.04179
23.01,3.11663
23.02,3.19212
23.03,3.26824
23.04,3.34495
23.05,3.42221
23.06,3.49997
23.07,3.57815
23.08,3.6567
23.09,3.73553
23.1,3.81456
23.11,3.89367
23.12,3.97278
23.13,4.05175
23.14,4.13048
23.15,4.20883
23.16,4.28666
23.17,4.36383
23.18,4.44018
23.19,4.51555
23.2,4.58979
23.21,4.6627
23.22,4.73413
23.23,4.80388
23.24,4.87176
23.25,4.93759
23.26,5.00117
23.27,5.0623
23.28,5.12078
23.29,5.1764
23.3,5.22896
23.31,5.27825
23.32,5.32406
23.33,5.36618
23.34,5.40442
23.35,5.43855
23.36,5.46838
23.37,5.49371
23.38,5.51434
23.39,5.53007
23.4,5.54071
23.41,5.54607
23.42,5.54598
23.43,5.54027
23.44,5.52875
23.45,5.51128
23.46,5.48769
23.47,5.45785
23.48,5.42162
23.49,5.37887
23.5,5.32948
23.51,5.27335
23.52,5.21039
23.53,5.1405
23.54,5.06362
23.55,4.97967
23.56,4.88863
23.57,4.79044
23.58,4.68508
23.59,4.57255
23.6,4.45285
23.61,4.326
23.62,4.19201
23.63,4.05095
23.64,3.90287
23.65,3.74784
23.66,3.58595
23.67,3.4173
23.68,3.242
23.69,3.06019
23.7,2.87201
23.71,2.67761
23.72,2.47717
23.73,2.27087
23.74,2.0589
23.75,1.84149
23.76,1.61885
23.77,1.39121
23.78,1.15883
23.79,0.921967
23.8,0.680883
23.81,0.435863
23.82,0.187195
23.83,-0.0648187
23.84,-0.31987
23.85,-0.577643
23.86,-0.837811
23.87,-1.10004
23.88,-1.364
23.89,-1.62933
23.9,-1.8957
23.91,-2.16275
23.92,-2.43011
23.93,-2.69743
23.94,-2.96435
23.95,-3.2305
23.96,-3.49551
23.97,-3.75903
23.98,-4.02068
23.99,-4.28011
24,-4.53695
24.01,-4.79085
24.02,-5.04146
24.03,-5.28842
24.04,-5.5314
24.05,-5.77006
24.06,-6.00407
24.07,-6.2331
24.08,-6.45685
24.09,-6.67502
24.1,-6.8873
24.11,-7.09341
24.12,-7.29308
24.13,-7.48606
24.14,-7.67209
24.15,-7.85094
24.16,-8.02238
24.17,-8.18621
24.18,-8.34224
24.19,-8.49028
24.2,-8.63018
24.21,-8.76178
24.22,-8.88495
24.23,-8.99959
24.24,-9.10558
24.25,-9.20285
24.26,-9.29133
24.27,-9.37098
24.28,-9.44177
24.29,-9.50367
24.3,-9.5567
24.31,-9.60088
24.32,-9.63625
24.33,-9.66285
24.34,-9.68077
24.35,-9.6901
24.36,-9.69094
24.37,-9.68342
24.38,-9.66767
24.39,-9.64385
24.4,-9.61213
24.41,-9.5727
24.42,-9.52576
24.43,-9.47152
24.44,-9.4102
24.45,-9.34206
24.46,-9.26735
24.47,-9.18633
24.48,-9.09927
24.49,-9.00647
24.5,-8.90823
24.51,-8.80485
24.52,-8.69665
24.53,-8.58395
24.54,-8.46708
24.55,-8.34639
24.56,-8.2222
24.57,-8.09488
24.58,-7.96477
24.59,-7.83222
24.6,-7.6976
24.61,-7.56126
24.62,-7.42357
24.63,-7.28487
24.64,-7.14553
24.65,-7.0059
24.66,-6.86633
24.67,-6.72719
24.68,-6.5888
24.69,-6.45151
24.7,-6.31566
24.71,-6.18158
24.72,-6.04957
24.73,-5.91996
24.74,-5.79305
24.75,-5.66913
24.76,-5.54848
24.77,-5.43138
24.78,-5.3181
24.79,-5.20887
24.8,-5.10394
24.81,-5.00353
24.82,-4.90785
24.83,-4.8171
24.84,-4.73145
24.85,-4.65109
24.86,-4.57615
24.87,-4.50678
24.88,-4.4431
24.89,-4.38521
24.9,-4.33321
24.91,-4.28716
24.92,-4.24714
24.93,-4.21317
24.94,-4.18528
24.95,-4.16348
24.96,-4.14777
24.97,-4.13812
24.98,-4.13449
24.99,-4.13683
25,-4.14506
25.01,-4.15911
25.02,-4.17887
25.03,-4.20422
25.04,-4.23504
25.05,-4.27119
25.06,-4.3125
25.07,-4.35882
25.08,-4.40995
25.09,-4.4657
25.1,-4.52588
25.11,-4.59026
25.12,-4.65862
25.13,-4.73073
25.14,-4.80633
25.15,-4.88519
25.16,-4.96705
25.17,-5.05162
25.18,-5.13866
25.19,-5.22787
25.2,-5.31898
25.21,-5.4117
25.22,-5.50575
25.23,-5.60084
25.24,-5.69667
25.25,-5.79295
25.26,-5.88939
25.27,-5.98571
25.28,-6.0816
25.29,-6.17679
25.3,-6.27099
25.31,-6.36393
25.32,-6.45532
25.33,-6.54489
25.34,-6.63239
25.35,-6.71755
25.36,-6.80013
25.37,-6.87988
25.38,-6.95656
25.39,-7.02996
25.4,-7.09986
25.41,-7.16605
25.42,-7.22834
25.43,-7.28654
25.44,-7.34047
25.45,-7.38999
25.46,-7.43494
25.47,-7.47518
25.48,-7.51059
25.49,-7.54106
25.5,-7.56648
25.51,-7.58678
25.52,-7.60189
25.53,-7.61174
25.54,-7.61629
25.55,-7.61551
25.56,-7.60938
25.57,-7.5979
25.58,-7.58107
25.59,-7.55892
25.6,-7.53149
25.61,-7.49881
25.62,-7.46096
25.63,-7.418
25.64,-7.37002
25.65,-7.31712
25.66,-7.25939
25.67,-7.19697
25.68,-7.12998
25.69,-7.05855
25.7,-6.98284
25.71,-6.903
25.72,-6.81919
25.73,-6.73159
25.74,-6.64039
25.75,-6.54576
25.76,-6.44789
25.77,-6.347
25.78,-6.24327
25.79,-6.13692
25.8,-6.02816
25.81,-5.9172
25.82,-5.80425
25.83,-5.68953
25.84,-5.57327
25.85,-5.45567
25.86,-5.33696
25.87,-5.21735
25.88,-5.09706
25.89,-4.9763
25.9,-4.85527
25.91,-4.73418
25.92,-4.61324
25.93,-4.49264
25.94,-4.37257
25.95,-4.25321
25.96,-4.13474
25.97,-4.01734
25.98,-3.90117
25.99,-3.78638
26,-3.67312
26.01,-3.56154
26.02,-3.45175
26.03,-3.34388
26.04,-3.23805
26.05,-3.13434
26.06,-3.03286
26.07,-2.93368
26.08,-2.83688
26.09,-2.7425
26.1,-2.6506
26.11,-2.56122
26.12,-2.47438
26.13,-2.39011
26.14,-2.30839
26.15,-2.22923
26.16,-2.15261
26.17,-2.07851
26.18,-2.00689
26.19,-1.93769
26.2,-1.87087
26.21,-1.80636
26.22,-1.74407
26.23,-1.68394
26.24,-1.62586
26.25,-1.56974
26.26,-1.51546
26.27,-1.46292
26.28,-1.41199
26.29,-1.36254
26.3,-1.31444
26.31,-1.26755
26.32,-1.22173
26.33,-1.17683
26.34,-1.13271
26.35,-1.08921
26.36,-1.04617
26.37,-1.00344
26.38,-0.960873
26.39,-0.9183
26.4,-0.875568
26.41,-0.832522
26.42,-0.789011
26.43,-0.744882
26.44,-0.699989
26.45,-0.654188
26.46,-0.607338
26.47,-0.559306
26.48,-0.509962
26.49,-0.459184
26.5,-0.406853
26.51,-0.352862
26.52,-0.297109
26.53,-0.239499
26.54,-0.179947
26.55,-0.118379
26.56,-0.0547264
26.57,0.0110664
26.58,0.0790463
26.59,0.149249
26.6,0.221701
26.61,0.296415
26.62,0.373394
26.63,0.452631
26.64,0.534105
26.65,0.617785
26.66,0.703627
26.67,0.791575
26.68,0.881564
26.69,0.973514
26.7,1.06733
26.71,1.16292
26.72,1.26017
26.73,1.35895
26.74,1.45912
26.75,1.56055
26.76,1.66306
26.77,1.76651
26.78,1.87071
26.79,1.97547
26.8,2.08061
26.81,2.18591
26.82,2.29118
26.83,2.3962
26.84,2.50073
26.85,2.60456
26.86,2.70744
26.87,2.80914
26.88,2.90941
26.89,3.008
26.9,3.10468
26.91,3.19917
26.92,3.29124
26.93,3.38062
26.94,3.46706
26.95,3.55032
26.96,3.63014
26.97,3.70627
26.98,3.77847
26.99,3.84649
27,3.91011
27.01,3.96909
27.02,4.02321
27.03,4.07225
27.04,4.116
27.05,4.15427
27.06,4.18686
27.07,4.21359
27.08,4.23429
27.09,4.2488
27.1,4.25697
27.11,4.25868
27.12,4.25379
27.13,4.2422
27.14,4.22382
27.15,4.19856
27.16,4.16636
27.17,4.12716
27.18,4.08094
27.19,4.02767
27.2,3.96736
27.21,3.9
27.22,3.82565
27.23,3.74433
27.24,3.65611
27.25,3.56108
27.26,3.45932
27.27,3.35096
27.28,3.23612
27.29,3.11494
27.3,2.98759
27.31,2.85424
27.32,2.71509
27.33,2.57035
27.34,2.42024
27.35,2.265
27.36,2.10487
27.37,1.94013
27.38,1.77105
27.39,1.59793
27.4,1.42106
27.41,1.24077
27.42,1.05737
27.43,0.871197
27.44,0.682598
27.45,0.491921
27.46,0.299526
27.47,0.105778
27.48,-0.0889528
27.49,-0.28429
27.5,-0.479853
27.51,-0.675261
27.52,-0.870128
27.53,-1.06407
27.54,-1.25669
27.55,-1.44762
27.56,-1.63647
27.57,-1.82285
27.58,-2.00639
27.59,-2.18671
27.6,-2.36345
27.61,-2.53625
27.62,-2.70474
27.63,-2.86859
27.64,-3.02747
27.65,-3.18103
27.66,-3.32896
27.67,-3.47097
27.68,-3.60676
27.69,-3.73604
27.7,-3.85856
27.71,-3.97407
27.72,-4.08232
27.73,-4.1831
27.74,-4.27621
27.75,-4.36146
27.76,-4.43869
27.77,-4.50773
27.78,-4.56847
27.79,-4.62078
27.8,-4.66458
27.81,-4.69978
27.82,-4.72634
27.83,-4.74422
27.84,-4.7534
27.85,-4.75389
27.86,-4.7457
27.87,-4.7289
27.88,-4.70353
27.89,-4.66969
27.9,-4.62747
27.91,-4.577
27.92,-4.51842
27.93,-4.45189
27.94,-4.37759
27.95,-4.29571
27.96,-4.20646
27.97,-4.11008
27.98,-4.00682
27.99,-3.89692
28,-3.78067
28.01,-3.65836
28.02,-3.53028
28.03,-3.39677
28.04,-3.25813
28.05,-3.11471
28.06,-2.96686
28.07,-2.81493
28.08,-2.65929
28.09,-2.50031
28.1,-2.33837
28.11,-2.17384
28.12,-2.00712
28.13,-1.8386
28.14,-1.66866
28.15,-1.4977
28.16,-1.32611
28.17,-1.15428
28.18,-0.982596
28.19,-0.811449
28.2,-0.641216
28.21,-0.472273
28.22,-0.304987
28.23,-0.139719
28.24,0.0231784
28.25,0.183362
28.26,0.3405
28.27,0.494272
28.28,0.644367
28.29,0.790492
28.3,0.932364
28.31,1.06972
28.32,1.2023
28.33,1.32987
28.34,1.45222
28.35,1.56914
28.36,1.68045
28.37,1.78599
28.38,1.88561
28.39,1.97919
28.4,2.06661
28.41,2.1478
28.42,2.22268
28.43,2.29122
28.44,2.35339
28.45,2.40918
28.46,2.45861
28.47,2.50172
28.48,2.53858
28.49,2.56926
28.5,2.59385
28.51,2.61249
28.52,2.62531
28.53,2.63248
28.54,2.63416
28.55,2.63057
28.56,2.62191
28.57,2.60842
28.58,2.59036
28.59,2.56798
28.6,2.54157
28.61,2.51142
28.62,2.47786
28.63,2.4412
28.64,2.40178
28.65,2.35994
28.66,2.31606
28.67,2.27048
28.68,2.2236
28.69,2.17579
28.7,2.12744
28.71,2.07894
28.72,2.03071
28.73,1.98313
28.74,1.93661
28.75,1.89155
28.76,1.84836
28.77,1.80744
28.78,1.76919
28.79,1.73401
28.8,1.70227
28.81,1.67437
28.82,1.65068
28.83,1.63157
28.84,1.6174
28.85,1.60851
28.86,1.60525
28.87,1.60792
28.88,1.61685
28.89,1.63232
28.9,1.65461
28.91,1.68399
28.92,1.72071
28.93,1.76498
28.94,1.81701
28.95,1.877
28.96,1.94511
28.97,2.02149
28.98,2.10627
28.99,2.19954
29,2.30139
29.01,2.41188
29.02,2.53105
29.03,2.6589
29.04,2.79543
29.05,2.94059
29.06,3.09434
29.07,3.25658
29.08,3.42722
29.09,3.60611
29.1,3.79312
29.11,3.98805
29.12,4.19071
29.13,4.40088
29.14,4.61831
29.15,4.84273
29.16,5.07386
29.17,5.31138
29.18,5.55497
29.19,5.80428
29.2,6.05893
29.21,6.31854
29.22,6.58271
29.23,6.85102
29.24,7.12304
29.25,7.39831
29.26,7.67637
29.27,7.95675
29.28,8.23896
29.29,8.5225
29.3,8.80687
29.31,9.09155
29.32,9.37603
29.33,9.65978
29.34,9.94226
29.35,10.2229
29.36,10.5013
29.37,10.7768
29.38,11.0489
29.39,11.317
29.4,11.5807
29.41,11.8394
29.42,12.0926
29.43,12.3398
29.44,12.5804
29.45,12.814
29.46,13.0401
29.47,13.2583
29.48,13.468
29.49,13.6688
29.5,13.8603
29.51,14.042
29.52,14.2136
29.53,14.3747
29.54,14.525
29.55,14.664
29.56,14.7915
29.57,14.9071
29.58,15.0107
29.59,15.1019
29.6,15.1805
29.61,15.2463
29.62,15.2991
29.63,15.3387
29.64,15.3651
29.65,15.3781
29.66,15.3777
29.67,15.3637
29.68,15.3362
29.69,15.2952
29.7,15.2407
29.71,15.1727
29.72,15.0913
29.73,14.9966
29.74,14.8888
29.75,14.768
29.76,14.6344
29.77,14.4882
29.78,14.3296
29.79,14.159
29.8,13.9764
29.81,13.7824
29.82,13.5771
29.83,13.361
29.84,13.1344
29.85,12.8977
29.86,12.6512
29.87,12.3955
29.88,12.1309
29.89,11.858
29.9,11.5771
29.91,11.2888
29.92,10.9935
29.93,10.6918
29.94,10.3842
29.95,10.0712
29.96,9.75336
29.97,9.4312
29.98,9.10529
29.99,8.77617
30,8.4444
30.01,8.11054
30.02,7.77515
30.03,7.43879
30.04,7.10201
30.05,6.76536
30.06,6.4294
30.07,6.09468
30.08,5.76171
30.09,5.43105
30.1,5.10321
30.11,4.77869
30.12,4.458
30.13,4.14163
30.14,3.83004
30.15,3.52371
30.16,3.22307
30.17,2.92854
30.18,2.64056
30.19,2.3595
30.2,2.08574
30.21,1.81964
30.22,1.56153
30.23,1.31173
30.24,1.07053
30.25,0.838204
30.26,0.614999
30.27,0.401143
30.28,0.19684
30.29,0.00226898
30.3,-0.182413
30.31,-0.357073
30.32,-0.521603
30.33,-0.675918
30.34,-0.819958
30.35,-0.953686
30.36,-1.07709
30.37,-1.19018
30.38,-1.293
30.39,-1.38559
30.4,-1.46805
30.41,-1.54048
30.42,-1.603
30.43,-1.65576
30.44,-1.69894
30.45,-1.73271
30.46,-1.7573
30.47,-1.77293
30.48,-1.77985
30.49,-1.77833
30.5,-1.76866
30.51,-1.75112
30.52,-1.72604
30.53,-1.69375
30.54,-1.65459
30.55,-1.60892
30.56,-1.55711
30.57,-1.49954
30.58,-1.43659
30.59,-1.36867
30.6,-1.29618
30.61,-1.21954
30.62,-1.13915
30.63,-1.05545
30.64,-0.968866
30.65,-0.879818
30.66,-0.78874
30.67,-0.696062
30.68,-0.602214
30.69,-0.507622
30.7,-0.412713
30.71,-0.317906
30.72,-0.223617
30.73,-0.130257
30.74,-0.0382271
30.75,0.0520766
30.76,0.140268
30.77,0.225971
30.78,0.308818
30.79,0.388457
30.8,0.464543
30.81,0.536748
30.82,0.604756
30.83,0.668264
30.84,0.726987
30.85,0.780654
30.86,0.829009
30.87,0.871814
30.88,0.908848
30.89,0.939908
30.9,0.964808
30.91,0.98338
30.92,0.995476
30.93,1.00096
30.94,0.999735
30.95,0.991696
30.96,0.976773
30.97,0.954913
30.98,0.926081
30.99,0.890261
31,0.847457
31.01,0.797691
31.02,0.741004
31.03,0.677454
31.04,0.607119
31.05,0.530095
31.06,0.446492
31.07,0.356442
31.08,0.260089
31.09,0.157596
31.1,0.0491397
31.11,-0.0650879
31.12,-0.18488
31.13,-0.310017
31.14,-0.440265
31.15,-0.575379
31.16,-0.715102
31.17,-0.859166
31.18,-1.00729
31.19,-1.1592
31.2,-1.31458
31.21,-1.47314
31.22,-1.63457
31.23,-1.79855
31.24,-1.96476
31.25,-2.13287
31.26,-2.30256
31.27,-2.47349
31.28,-2.64532
31.29,-2.81774
31.3,-2.99039
31.31,-3.16296
31.32,-3.33509
31.33,-3.50648
31.34,-3.67678
31.35,-3.84569
31.36,-4.01287
31.37,-4.17803
31.38,-4.34085
31.39,-4.50104
31.4,-4.6583
31.41,-4.81236
31.42,-4.96295
31.43,-5.1098
31.44,-5.25265
31.45,-5.39128
31.46,-5.52543
31.47,-5.65491
31.48,-5.7795
31.49,-5.89901
31.5,-6.01326
31.51,-6.12209
31.52,-6.22533
31.53,-6.32285
31.54,-6.41453
31.55,-6.50025
31.56,-6.57992
31.57,-6.65346
31.58,-6.7208
31.59,-6.7819
31.6,-6.8367
31.61,-6.8852
31.62,-6.92738
31.63,-6.96325
31.64,-6.99283
31.65,-7.01616
31.66,-7.03329
31.67,-7.04427
31.68,-7.04919
31.69,-7.04814
31.7,-7.04121
31.71,-7.02852
31.72,-7.0102
31.73,-6.98639
31.74,-6.95722
31.75,-6.92287
31.76,-6.8835
31.77,-6.83929
31.78,-6.79042
31.79,-6.7371
31.8,-6.67951
31.81,-6.61788
31.82,-6.55243
31.83,-6.48336
31.84,-6.41091
31.85,-6.33532
31.86,-6.25681
31.87,-6.17562
31.88,-6.09201
31.89,-6.0062
31.9,-5.91845
31.91,-5.829
31.92,-5.7381
31.93,-5.64598
31.94,-5.5529
31.95,-5.4591
31.96,-5.36481
31.97,-5.27027
31.98,-5.17572
31.99,-5.08137
32,-4.98746
32.01,-4.8942
32.02,-4.8018
32.03,-4.71047
32.04,-4.62041
32.05,-4.53182
32.06,-4.44487
32.07,-4.35974
32.08,-4.27661
32.09,-4.19563
32.1,-4.11695
32.11,-4.04072
32.12,-3.96707
32.13,-3.89612
32.14,-3.82798
32.15,-3.76277
32.16,-3.70057
32.17,-3.64147
32.18,-3.58555
32.19,-3.53286
32.2,-3.48346
32.21,-3.4374
32.22,-3.3947
32.23,-3.3554
32.24,-3.31951
32.25,-3.28703
32.26,-3.25796
32.27,-3.23229
32.28,-3.20999
32.29,-3.19103
32.3,-3.17538
32.31,-3.16298
32.32,-3.15379
32.33,-3.14774
32.34,-3.14475
32.35,-3.14477
32.36,-3.1477
32.37,-3.15345
32.38,-3.16194
32.39,-3.17307
32.4,-3.18673
32.41,-3.20283
32.42,-3.22124
32.43,-3.24186
32.44,-3.26457
32.45,-3.28926
32.46,-3.31582
32.47,-3.34411
32.48,-3.37402
32.49,-3.40543
32.5,-3.43822
32.51,-3.47228
32.52,-3.50749
32.53,-3.54372
32.54,-3.58088
32.55,-3.61885
32.56,-3.65752
32.57,-3.69679
32.58,-3.73656
32.59,-3.77673
32.6,-3.81723
32.61,-3.85795
32.62,-3.89882
32.63,-3.93977
32.64,-3.98073
32.65,-4.02164
32.66,-4.06243
32.67,-4.10307
32.68,-4.14351
32.69,-4.18371
32.7,-4.22364
32.71,-4.26329
32.72,-4.30264
32.73,-4.34168
32.74,-4.38041
32.75,-4.41884
32.76,-4.45699
32.77,-4.49487
32.78,-4.53252
32.79,-4.56997
32.8,-4.60727
32.81,-4.64445
32.82,-4.68159
32.83,-4.71874
32.84,-4.75596
32.85,-4.79334
32.86,-4.83095
32.87,-4.86887
32.88,-4.9072
32.89,-4.94602
32.9,-4.98544
32.91,-5.02556
32.92,-5.06647
32.93,-5.1083
32.94,-5.15114
32.95,-5.19511
32.96,-5.24032
32.97,-5.28689
32.98,-5.33493
32.99,-5.38455
33,-5.43588
33.01,-5.48903
33.02,-5.5441
33.03,-5.60122
33.04,-5.66049
33.05,-5.72201
33.06,-5.7859
33.07,-5.85224
33.08,-5.92114
33.09,-5.99269
33.1,-6.06697
33.11,-6.14407
33.12,-6.22406
33.13,-6.307
33.14,-6.39297
33.15,-6.48201
33.16,-6.57418
33.17,-6.66951
33.18,-6.76805
33.19,-6.8698
33.2,-6.9748
33.21,-7.08304
33.22,-7.19453
33.23,-7.30926
33.24,-7.4272
33.25,-7.54833
33.26,-7.6726
33.27,-7.79998
33.28,-7.9304
33.29,-8.06379
33.3,-8.20009
33.31,-8.33919
33.32,-8.48101
33.33,-8.62544
33.34,-8.77236
33.35,-8.92166
33.36,-9.07319
33.37,-9.22682
33.38,-9.3824
33.39,-9.53976
33.4,-9.69874
33.41,-9.85916
33.42,-10.0209
33.43,-10.1836
33.44,-10.3473
33.45,-10.5116
33.46,-10.6764
33.47,-10.8414
33.48,-11.0065
33.49,-11.1714
33.5,-11.3359
33.51,-11.4997
33.52,-11.6627
33.53,-11.8246
33.54,-11.9851
33.55,-12.1441
33.56,-12.3012
33.57,-12.4563
33.58,-12.6091
33.59,-12.7593
33.6,-12.9068
33.61,-13.0513
33.62,-13.1925
33.63,-13.3304
33.64,-13.4645
33.65,-13.5947
33.66,-13.7209
33.67,-13.8427
33.68,-13.96
33.69,-14.0727
33.7,-14.1804
33.71,-14.2831
33.72,-14.3805
33.73,-14.4725
33.74,-14.559
33.75,-14.6398
33.76,-14.7148
33.77,-14.7838
33.78,-14.8468
33.79,-14.9036
33.8,-14.9542
33.81,-14.9985
33.82,-15.0364
33.83,-15.0678
33.84,-15.0928
33.85,-15.1113
33.86,-15.1233
33.87,-15.1287
33.88,-15.1277
33.89,-15.1201
33.9,-15.1061
33.91,-15.0857
33.92,-15.059
33.93,-15.026
33.94,-14.9868
33.95,-14.9415
33.96,-14.8903
33.97,-14.8332
33.98,-14.7704
33.99,-14.702
34,-14.6282
34.01,-14.5492
34.02,-14.465
34.03,-14.376
34.04,-14.2823
34.05,-14.1841
34.06,-14.0816
34.07,-13.975
34.08,-13.8646
34.09,-13.7506
34.1,-13.6332
34.11,-13.5127
34.12,-13.3893
34.13,-13.2633
34.14,-13.1349
34.15,-13.0044
34.16,-12.8721
34.17,-12.7382
34.18,-12.603
34.19,-12.4668
34.2,-12.3298
34.21,-12.1923
34.22,-12.0545
34.23,-11.9167
34.24,-11.7792
34.25,-11.6422
34.26,-11.506
34.27,-11.3708
34.28,-11.2369
34.29,-11.1045
34.3,-10.9738
34.31,-10.845
34.32,-10.7184
34.33,-10.5942
34.34,-10.4725
34.35,-10.3536
34.36,-10.2375
34.37,-10.1246
34.38,-10.0149
34.39,-9.90863
34.4,-9.80586
34.41,-9.70674
34.42,-9.61137
34.43,-9.51987
34.44,-9.43231
34.45,-9.34877
34.46,-9.26931
34.47,-9.19398
34.48,-9.12282
34.49,-9.05584
34.5,-8.99306
34.51,-8.93447
34.52,-8.88005
34.53,-8.82979
34.54,-8.78362
34.55,-8.74151
34.56,-8.70338
34.57,-8.66915
34.58,-8.63873
34.59,-8.61201
34.6,-8.58889
34.61,-8.56923
34.62,-8.5529
34.63,-8.53974
34.64,-8.52961
34.65,-8.52233
34.66,-8.51773
34.67,-8.51562
34.68,-8.51581
34.69,-8.5181
34.7,-8.52227
34.71,-8.52812
34.72,-8.53543
34.73,-8.54395
34.74,-8.55348
34.75,-8.56377
34.76,-8.57457
34.77,-8.58566
34.78,-8.59679
34.79,-8.60771
34.8,-8.61817
34.81,-8.62793
34.82,-8.63674
34.83,-8.64435
34.84,-8.65053
34.85,-8.65502
34.86,-8.6576
34.87,-8.65802
34.88,-8.65605
34.89,-8.65147
34.9,-8.64405
34.91,-8.63358
34.92,-8.61985
34.93,-8.60265
34.94,-8.58179
34.95,-8.55708
34.96,-8.52834
34.97,-8.4954
34.98,-8.4581
34.99,-8.41629
35,-8.36982
35.01,-8.31856
35.02,-8.26239
35.03,-8.2012
35.04,-8.13489
35.05,-8.06337
35.06,-7.98656
35.07,-7.9044
35.08,-7.81682
35.09,-7.72381
35.1,-7.62531
35.11,-7.52131
35.12,-7.41181
35.13,-7.29681
35.14,-7.17632
35.15,-7.05039
35.16,-6.91904
35.17,-6.78234
35.18,-6.64033
35.19,-6.49311
35.2,-6.34075
35.21,-6.18335
35.22,-6.02101
35.23,-5.85386
35.24,-5.68202
35.25,-5.50562
35.26,-5.32481
35.27,-5.13974
35.28,-4.95058
35.29,-4.75749
35.3,-4.56064
35.31,-4.36023
35.32,-4.15644
35.33,-3.94946
35.34,-3.7395
35.35,-3.52676
35.36,-3.31145
35.37,-3.09379
35.38,-2.87399
35.39,-2.65227
35.4,-2.42885
35.41,-2.20396
35.42,-1.97782
35.43,-1.75066
35.44,-1.5227
35.45,-1.29417
35.46,-1.06528
35.47,-0.836275
35.48,-0.607361
35.49,-0.37876
35.5,-0.150687
35.51,0.0766443
35.52,0.303026
35.53,0.528254
35.54,0.752128
35.55,0.974454
35.56,1.19504
35.57,1.4137
35.58,1.63027
35.59,1.84456
35.6,2.05641
35.61,2.26567
35.62,2.47218
35.63,2.6758
35.64,2.8764
35.65,3.07383
35.66,3.26799
35.67,3.45875
35.68,3.64602
35.69,3.8297
35.7,4.00969
35.71,4.18592
35.72,4.35831
35.73,4.52679
35.74,4.69132
35.75,4.85183
35.76,5.0083
35.77,5.16068
35.78,5.30895
35.79,5.4531
35.8,5.5931
35.81,5.72895
35.82,5.86067
35.83,5.98824
35.84,6.1117
35.85,6.23106
35.86,6.34635
35.87,6.4576
35.88,6.56485
35.89,6.66813
35.9,6.7675
35.91,6.86302
35.92,6.95472
35.93,7.04267
35.94,7.12693
35.95,7.20757
35.96,7.28465
35.97,7.35824
35.98,7.42842
35.99,7.49524
36,7.55879
36.01,7.61913
36.02,7.67635
36.03,7.73051
36.04,7.78169
36.05,7.82996
36.06,7.8754
36.07,7.91806
36.08,7.95803
36.09,7.99537
36.1,8.03014
36.11,8.06241
36.12,8.09223
36.13,8.11967
36.14,8.14478
36.15,8.16761
36.16,8.18821
36.17,8.20663
36.18,8.2229
36.19,8.23706
36.2,8.24916
36.21,8.25921
36.22,8.26725
36.23,8.2733
36.24,8.27738
36.25,8.2795
36.26,8.27968
36.27,8.27792
36.28,8.27423
36.29,8.26861
36.3,8.26105
36.31,8.25156
36.32,8.24012
36.33,8.22672
36.34,8.21134
36.35,8.19398
36.36,8.1746
36.37,8.15319
36.38,8.12972
36.39,8.10417
36.4,8.07651
36.41,8.04671
36.42,8.01475
36.43,7.98059
36.44,7.9442
36.45,7.90556
36.46,7.86463
36.47,7.82139
36.48,7.7758
36.49,7.72785
36.5,7.67749
36.51,7.62472
36.52,7.5695
36.53,7.51182
36.54,7.45166
36.55,7.38901
36.56,7.32385
36.57,7.25618
36.58,7.186
36.59,7.1133
36.6,7.03809
36.61,6.96038
36.62,6.88018
36.63,6.79751
36.64,6.7124
36.65,6.62487
36.66,6.53496
36.67,6.4427
36.68,6.34815
36.69,6.25136
36.7,6.15238
36.71,6.05127
36.72,5.94811
36.73,5.84297
36.74,5.73593
36.75,5.62708
36.76,5.51651
36.77,5.40432
36.78,5.29062
36.79,5.17551
36.8,5.05912
36.81,4.94156
36.82,4.82297
36.83,4.70347
36.84,4.58321
36.85,4.46233
36.86,4.34096
36.87,4.21928
36.88,4.09742
36.89,3.97556
36.9,3.85385
36.91,3.73246
36.92,3.61156
36.93,3.49133
36.94,3.37193
36.95,3.25354
36.96,3.13634
36.97,3.02052
36.98,2.90624
36.99,2.79369
37,2.68305
37.01,2.5745
37.02,2.46822
37.03,2.36439
37.04,2.26317
37.05,2.16476
37.06,2.06931
37.07,1.97701
37.08,1.888
37.09,1.80247
37.1,1.72055
37.11,1.64242
37.12,1.56821
37.13,1.49808
37.14,1.43216
37.15,1.37058
37.16,1.31346
37.17,1.26094
37.18,1.21313
37.19,1.17012
37.2,1.13202
37.21,1.09892
37.22,1.0709
37.23,1.04804
37.24,1.0304
37.25,1.01805
37.26,1.01103
37.27,1.00938
37.28,1.01314
37.29,1.02233
37.3,1.03695
37.31,1.05702
37.32,1.08254
37.33,1.11348
37.34,1.14982
37.35,1.19152
37.36,1.23856
37.37,1.29087
37.38,1.34839
37.39,1.41106
37.4,1.47879
37.41,1.5515
37.42,1.62909
37.43,1.71145
37.44,1.79847
37.45,1.89004
37.46,1.98602
37.47,2.08627
37.48,2.19066
37.49,2.29902
37.5,2.41121
37.51,2.52705
37.52,2.64638
37.53,2.76903
37.54,2.8948
37.55,3.02352
37.56,3.15499
37.57,3.28902
37.58,3.42541
37.59,3.56395
37.6,3.70444
37.61,3.84668
37.62,3.99044
37.63,4.13552
37.64,4.2817
37.65,4.42877
37.66,4.57651
37.67,4.7247
37.68,4.87313
37.69,5.02159
37.7,5.16985
37.71,5.31771
37.72,5.46495
37.73,5.61137
37.74,5.75675
37.75,5.9009
37.76,6.0436
37.77,6.18467
37.78,6.32391
37.79,6.46113
37.8,6.59615
37.81,6.72879
37.82,6.85886
37.83,6.9862
37.84,7.11065
37.85,7.23205
37.86,7.35025
37.87,7.46509
37.88,7.57644
37.89,7.68416
37.9,7.78813
37.91,7.88823
37.92,7.98434
37.93,8.07637
37.94,8.1642
37.95,8.24774
37.96,8.32692
37.97,8.40166
37.98,8.47187
37.99,8.53751
38,8.59852
38.01,8.65483
38.02,8.70643
38.03,8.75326
38.04,8.7953
38.05,8.83254
38.06,8.86495
38.07,8.89253
38.08,8.91528
38.09,8.9332
38.1,8.9463
38.11,8.95461
38.12,8.95814
38.13,8.95693
38.14,8.951
38.15,8.9404
38.16,8.92517
38.17,8.90537
38.18,8.88104
38.19,8.85224
38.2,8.81904
38.21,8.7815
38.22,8.73969
38.23,8.69369
38.24,8.64357
38.25,8.58941
38.26,8.5313
38.27,8.46931
38.28,8.40354
38.29,8.33407
38.3,8.26099
38.31,8.1844
38.32,8.10439
38.33,8.02106
38.34,7.93449
38.35,7.84479
38.36,7.75205
38.37,7.65638
38.38,7.55786
38.39,7.45659
38.4,7.35267
38.41,7.2462
38.42,7.13728
38.43,7.02599
38.44,6.91244
38.45,6.79672
38.46,6.67891
38.47,6.55912
38.48,6.43743
38.49,6.31393
38.5,6.18871
38.51,6.06186
38.52,5.93346
38.53,5.8036
38.54,5.67235
38.55,5.5398
38.56,5.40604
38.57,5.27112
38.58,5.13514
38.59,4.99817
38.6,4.86028
38.61,4.72154
38.62,4.58202
38.63,4.44179
38.64,4.30092
38.65,4.15948
38.66,4.01753
38.67,3.87514
38.68,3.73237
38.69,3.58927
38.7,3.44592
38.71,3.30237
38.72,3.15869
38.73,3.01492
38.74,2.87114
38.75,2.7274
38.76,2.58375
38.77,2.44025
38.78,2.29697
38.79,2.15395
38.8,2.01126
38.81,1.86895
38.82,1.72708
38.83,1.5857
38.84,1.44488
38.85,1.30467
38.86,1.16513
38.87,1.02632
38.88,0.888295
38.89,0.751118
38.9,0.614848
38.91,0.479547
38.92,0.345275
38.93,0.212095
38.94,0.080069
38.95,-0.050739
38.96,-0.180265
38.97,-0.308446
38.98,-0.435214
38.99,-0.560506
39,-0.684253
39.01,-0.806391
39.02,-0.926851
39.03,-1.04557
39.04,-1.16247
39.05,-1.27749
39.06,-1.39056
39.07,-1.50161
39.08,-1.61058
39.09,-1.71739
39.1,-1.82198
39.11,-1.92427
39.12,-2.02422
39.13,-2.12173
39.14,-2.21676
39.15,-2.30924
39.16,-2.39909
39.17,-2.48627
39.18,-2.5707
39.19,-2.65234
39.2,-2.73111
39.21,-2.80697
39.22,-2.87986
39.23,-2.94972
39.24,-3.01652
39.25,-3.0802
39.26,-3.14072
39.27,-3.19803
39.28,-3.2521
39.29,-3.30289
39.3,-3.35037
39.31,-3.39451
39.32,-3.43529
39.33,-3.47268
39.34,-3.50668
39.35,-3.53725
39.36,-3.56441
39.37,-3.58813
39.38,-3.60843
39.39,-3.6253
39.4,-3.63876
39.41,-3.64882
39.42,-3.6555
39.43,-3.65883
39.44,-3.65882
39.45,-3.65553
39.46,-3.64898
39.47,-3.63922
39.48,-3.62631
39.49,-3.6103
39.5,-3.59124
39.51,-3.56921
39.52,-3.54428
39.53,-3.51652
39.54,-3.48602
39.55,-3.45287
39.56,-3.41715
39.57,-3.37897
39.58,-3.33843
39.59,-3.29564
39.6,-3.25071
39.61,-3.20376
39.62,-3.15491
39.63,-3.10429
39.64,-3.05204
39.65,-2.99828
39.66,-2.94316
39.67,-2.88682
39.68,-2.82942
39.69,-2.77109
39.7,-2.712
39.71,-2.65231
39.72,-2.59217
39.73,-2.53176
39.74,-2.47123
39.75,-2.41075
39.76,-2.3505
39.77,-2.29064
39.78,-2.23135
39.79,-2.17281
39.8,-2.11518
39.81,-2.05865
39.82,-2.00339
39.83,-1.94958
39.84,-1.89738
39.85,-1.84699
39.86,-1.79856
39.87,-1.75227
39.88,-1.70831
39.89,-1.66682
39.9,-1.62798
39.91,-1.59196
39.92,-1.55891
39.93,-1.529
39.94,-1.50237
39.95,-1.47918
39.96,-1.45958
39.97,-1.44371
39.98,-1.43171
39.99,-1.4237
40,-1.41983
40.01,-1.4202
40.02,-1.42494
40.03,-1.43415
40.04,-1.44795
40.05,-1.46642
40.06,-1.48966
40.07,-1.51776
40.08,-1.55078
40.09,-1.5888
40.1,-1.63188
40.11,-1.68008
40.12,-1.73344
40.13,-1.79199
40.14,-1.85576
40.15,-1.92479
40.16,-1.99907
40.17,-2.07862
40.18,-2.16343
40.19,-2.25348
40.2,-2.34876
40.21,-2.44922
40.22,-2.55484
40.23,-2.66556
40.24,-2.78131
40.25,-2.90205
40.26,-3.02768
40.27,-3.15813
40.28,-3.2933
40.29,-3.43309
40.3,-3.57738
40.31,-3.72606
40.32,-3.879
40.33,-4.03606
40.34,-4.1971
40.35,-4.36196
40.36,-4.53048
40.37,-4.7025
40.38,-4.87784
40.39,-5.05632
40.4,-5.23774
40.41,-5.42191
40.42,-5.60864
40.43,-5.7977
40.44,-5.98888
40.45,-6.18197
40.46,-6.37674
40.47,-6.57296
40.48,-6.77038
40.49,-6.96878
40.5,-7.16791
40.51,-7.36753
40.52,-7.56737
40.53,-7.7672
40.54,-7.96675
40.55,-8.16577
40.56,-8.36399
40.57,-8.56117
40.58,-8.75703
40.59,-8.95132
40.6,-9.14377
40.61,-9.33413
40.62,-9.52213
40.63,-9.70751
40.64,-9.89003
40.65,-10.0694
40.66,-10.2454
40.67,-10.4178
40.68,-10.5863
40.69,-10.7507
40.7,-10.9108
40.71,-11.0662
40.72,-11.2169
40.73,-11.3625
40.74,-11.5028
40.75,-11.6377
40.76,-11.7669
40.77,-11.8903
40.78,-12.0075
40.79,-12.1186
40.8,-12.2232
40.81,-12.3213
40.82,-12.4126
40.83,-12.497
40.84,-12.5744
40.85,-12.6447
40.86,-12.7077
40.87,-12.7633
40.88,-12.8114
40.89,-12.8519
40.9,-12.8847
40.91,-12.9099
40.92,-12.9272
40.93,-12.9367
40.94,-12.9383
40.95,-12.9321
40.96,-12.9179
40.97,-12.8958
40.98,-12.8658
40.99,-12.828
41,-12.7823
41.01,-12.7287
41.02,-12.6674
41.03,-12.5984
41.04,-12.5218
41.05,-12.4377
41.06,-12.3461
41.07,-12.2472
41.08,-12.1411
41.09,-12.028
41.1,-11.9079
41.11,-11.781
41.12,-11.6475
41.13,-11.5075
41.14,-11.3612
41.15,-11.2089
41.16,-11.0506
41.17,-10.8867
41.18,-10.7173
41.19,-10.5426
41.2,-10.3629
41.21,-10.1784
41.22,-9.9893
41.23,-9.79591
41.24,-9.59846
41.25,-9.39719
41.26,-9.19239
41.27,-8.9843
41.28,-8.77319
41.29,-8.55936
41.3,-8.34305
41.31,-8.12457
41.32,-7.90418
41.33,-7.68216
41.34,-7.45881
41.35,-7.23439
41.36,-7.00921
41.37,-6.78352
41.38,-6.55763
41.39,-6.3318
41.4,-6.10632
41.41,-5.88146
41.42,-5.6575
41.43,-5.43469
41.44,-5.21331
41.45,-4.99362
41.46,-4.77587
41.47,-4.56031
41.48,-4.3472
41.49,-4.13676
41.5,-3.92923
41.51,-3.72483
41.52,-3.52379
41.53,-3.32632
41.54,-3.13261
41.55,-2.94287
41.56,-2.75728
41.57,-2.57601
41.58,-2.39924
41.59,-2.22713
41.6,-2.05982
41.61,-1.89746
41.62,-1.74017
41.63,-1.58808
41.64,-1.4413
41.65,-1.29993
41.66,-1.16405
41.67,-1.03374
41.68,-0.90908
41.69,-0.790122
41.7,-0.676913
41.71,-0.56949
41.72,-0.467881
41.73,-0.372102
41.74,-0.282158
41.75,-0.198045
41.76,-0.119749
41.77,-0.0472468
41.78,0.0194966
41.79,0.0805242
41.8,0.135889
41.81,0.185651
41.82,0.229883
41.83,0.268663
41.84,0.302078
41.85,0.330223
41.86,0.353202
41.87,0.371123
41.88,0.384104
41.89,0.392268
41.9,0.395745
41.91,0.39467
41.92,0.389183
41.93,0.37943
41.94,0.365561
41.95,0.347729
41.96,0.326094
41.97,0.300814
41.98,0.272054
41.99,0.23998
42,0.204759
42.01,0.16656
42.02,0.125553
42.03,0.0819083
42.04,0.0357966
42.05,-0.0126125
42.06,-0.0631498
42.07,-0.115648
42.08,-0.16994
42.09,-0.225863
42.1,-0.283255
42.11,-0.341958
42.12,-0.401818
42.13,-0.462682
42.14,-0.524404
42.15,-0.58684
42.16,-0.649853
42.17,-0.713311
42.18,-0.777084
42.19,-0.841052
42.2,-0.905098
42.21,-0.969113
42.22,-1.03299
42.23,-1.09664
42.24,-1.15997
42.25,-1.22289
42.26,-1.28533
42.27,-1.34722
42.28,-1.40849
42.29,-1.4691
42.3,-1.529
42.31,-1.58814
42.32,-1.6465
42.33,-1.70405
42.34,-1.76077
42.35,-1.81665
42.36,-1.87169
42.37,-1.92589
42.38,-1.97926
42.39,-2.03183
42.4,-2.08361
42.41,-2.13464
42.42,-2.18495
42.43,-2.23458
42.44,-2.28359
42.45,-2.33203
42.46,-2.37995
42.47,-2.42743
42.48,-2.47452
42.49,-2.52131
42.5,-2.56787
42.51,-2.61427
42.52,-2.66061
42.53,-2.70697
42.54,-2.75343
42.55,-2.80008
42.56,-2.84703
42.57,-2.89435
42.58,-2.94215
42.59,-2.99052
42.6,-3.03955
42.61,-3.08933
42.62,-3.13996
42.63,-3.19153
42.64,-3.24413
42.65,-3.29784
42.66,-3.35275
42.67,-3.40894
42.68,-3.46648
42.69,-3.52546
42.7,-3.58594
42.71,-3.64798
42.72,-3.71166
42.73,-3.77701
42.74,-3.8441
42.75,-3.91297
42.76,-3.98365
42.77,-4.05618
42.78,-4.13059
42.79,-4.20688
42.8,-4.28508
42.81,-4.36518
42.82,-4.44718
42.83,-4.53108
42.84,-4.61685
42.85,-4.70446
42.86,-4.79389
42.87,-4.88509
42.88,-4.978
42.89,-5.07258
42.9,-5.16875
42.91,-5.26645
42.92,-5.36558
42.93,-5.46605
42.94,-5.56778
42.95,-5.67066
42.96,-5.77457
42.97,-5.87939
42.98,-5.98499
42.99,-6.09125
43,-6.19802
43.01,-6.30515
43.02,-6.4125
43.03,-6.5199
43.04,-6.62719
43.05,-6.73421
43.06,-6.84077
43.07,-6.9467
43.08,-7.05182
43.09,-7.15594
43.1,-7.25888
43.11,-7.36045
43.12,-7.46044
43.13,-7.55867
43.14,-7.65493
43.15,-7.74904
43.16,-7.8408
43.17,-7.93
43.18,-8.01645
43.19,-8.09996
43.2,-8.18033
43.21,-8.25736
43.22,-8.33087
43.23,-8.40068
43.24,-8.4666
43.25,-8.52844
43.26,-8.58604
43.27,-8.63923
43.28,-8.68784
43.29,-8.73171
43.3,-8.7707
43.31,-8.80465
43.32,-8.83343
43.33,-8.8569
43.34,-8.87495
43.35,-8.88746
43.36,-8.89432
43.37,-8.89544
43.38,-8.89073
43.39,-8.8801
43.4,-8.86349
43.41,-8.84085
43.42,-8.81212
43.43,-8.77726
43.44,-8.73624
43.45,-8.68906
43.46,-8.6357
43.47,-8.57617
43.48,-8.51048
43.49,-8.43866
43.5,-8.36074
43.51,-8.27679
43.52,-8.18684
43.53,-8.09099
43.54,-7.98931
43.55,-7.88188
43.56,-7.76882
43.57,-7.65024
43.58,-7.52626
43.59,-7.39702
43.6,-7.26265
43.61,-7.12332
43.62,-6.97919
43.63,-6.83043
43.64,-6.67721
43.65,-6.51974
43.66,-6.3582
43.67,-6.1928
43.68,-6.02375
43.69,-5.85128
43.7,-5.6756
43.71,-5.49695
43.72,-5.31557
43.73,-5.13169
43.74,-4.94557
43.75,-4.75745
43.76,-4.56759
43.77,-4.37625
43.78,-4.18369
43.79,-3.99016
43.8,-3.79593
43.81,-3.60128
43.82,-3.40645
43.83,-3.21172
43.84,-3.01735
43.85,-2.8236
43.86,-2.63074
43.87,-2.43903
43.88,-2.24872
43.89,-2.06006
43.9,-1.87331
43.91,-1.68871
43.92,-1.50651
43.93,-1.32693
43.94,-1.15021
43.95,-0.976579
43.96,-0.806247
43.97,-0.63943
43.98,-0.47633
43.99,-0.317145
44,-0.162062
44.01,-0.0112629
44.02,0.135082
44.03,0.276809
44.04,0.413765
44.05,0.545806
44.06,0.672798
44.07,0.794616
44.08,0.911145
44.09,1.02228
44.1,1.12793
44.11,1.22802
44.12,1.32246
44.13,1.41119
44.14,1.49418
44.15,1.57136
44.16,1.64273
44.17,1.70825
44.18,1.76792
44.19,1.82174
44.2,1.86973
44.21,1.91191
44.22,1.94831
44.23,1.97898
44.24,2.00397
44.25,2.02335
44.26,2.03719
44.27,2.04557
44.28,2.04858
44.29,2.04633
44.3,2.03893
44.31,2.02649
44.32,2.00914
44.33,1.98701
44.34,1.96025
44.35,1.92899
44.36,1.8934
44.37,1.85363
44.38,1.80986
44.39,1.76224
44.4,1.71096
44.41,1.6562
44.42,1.59814
44.43,1.53697
44.44,1.47288
44.45,1.40607
44.46,1.33672
44.47,1.26505
44.48,1.19125
44.49,1.11552
44.5,1.03806
44.51,0.95907
44.52,0.878758
44.53,0.797321
44.54,0.71496
44.55,0.631871
44.56,0.548251
44.57,0.464294
44.58,0.38019
44.59,0.296129
44.6,0.212294
44.61,0.128866
44.62,0.0460222
44.63,-0.0360651
44.64,-0.117228
44.65,-0.197305
44.66,-0.276137
44.67,-0.353574
44.68,-0.429469
44.69,-0.503683
44.7,-0.576081
44.71,-0.646537
44.72,-0.714931
44.73,-0.781148
44.74,-0.845082
44.75,-0.906633
44.76,-0.965709
44.77,-1.02222
44.78,-1.0761
44.79,-1.12727
44.8,-1.17567
44.81,-1.22124
44.82,-1.26394
44.83,-1.30372
44.84,-1.34056
44.85,-1.37442
44.86,-1.40529
44.87,-1.43317
44.88,-1.45803
44.89,-1.4799
44.9,-1.49877
44.91,-1.51467
44.92,-1.52763
44.93,-1.53766
44.94,-1.54481
44.95,-1.54913
44.96,-1.55065
44.97,-1.54944
44.98,-1.54556
44.99,-1.53907
45,-1.53004
45.01,-1.51856
45.02,-1.50469
45.03,-1.48852
45.04,-1.47015
45.05,-1.44967
45.06,-1.42716
45.07,-1.40274
45.08,-1.3765
45.09,-1.34854
45.1,-1.31898
45.11,-1.28792
45.12,-1.25548
45.13,-1.22177
45.14,-1.1869
45.15,-1.15098
45.16,-1.11413
45.17,-1.07647
45.18,-1.03811
45.19,-0.999172
45.2,-0.959764
45.21,-0.920002
45.22,-0.88
45.23,-0.83987
45.24,-0.799722
45.25,-0.759665
45.26,-0.719805
45.27,-0.680247
45.28,-0.641093
45.29,-0.602443
45.3,-0.564392
45.31,-0.527035
45.32,-0.490462
45.33,-0.45476
45.34,-0.420012
45.35,-0.386299
45.36,-0.353696
45.37,-0.322275
45.38,-0.292105
45.39,-0.26325
45.4,-0.235769
45.41,-0.209719
45.42,-0.185149
45.43,-0.162108
45.44,-0.140637
45.45,-0.120774
45.46,-0.102552
45.47,-0.0860004
45.48,-0.0711435
45.49,-0.0580012
45.5,-0.0465888
45.51,-0.0369172
45.52,-0.0289932
45.53,-0.0228191
45.54,-0.0183928
45.55,-0.0157084
45.56,-0.0147557
45.57,-0.0155205
45.58,-0.0179848
45.59,-0.022127
45.6,-0.0279215
45.61,-0.0353395
45.62,-0.0443487
45.63,-0.0549136
45.64,-0.0669957
45.65,-0.0805535
45.66,-0.0955429
45.67,-0.111917
45.68,-0.129626
45.69,-0.14862
45.7,-0.168844
45.71,-0.190243
45.72,-0.212761
45.73,-0.236338
45.74,-0.260915
45.75,-0.286431
45.76,-0.312823
45.77,-0.340031
45.78,-0.367989
45.79,-0.396636
45.8,-0.425907
45.81,-0.455739
45.82,-0.486068
45.83,-0.516833
45.84,-0.547969
45.85,-0.579417
45.86,-0.611115
45.87,-0.643005
45.88,-0.675027
45.89,-0.707126
45.9,-0.739247
45.91,-0.771336
45.92,-0.803342
45.93,-0.835216
45.94,-0.866911
45.95,-0.898381
45.96,-0.929586
45.97,-0.960485
45.98,-0.99104
45.99,-1.02122
46,-1.05099
46.01,-1.08032
46.02,-1.10919
46.03,-1.13757
46.04,-1.16545
46.05,-1.19281
46.06,-1.21963
46.07,-1.2459
46.08,-1.27163
46.09,-1.2968
46.1,-1.32141
46.11,-1.34547
46.12,-1.36898
46.13,-1.39195
46.14,-1.4144
46.15,-1.43634
46.16,-1.45778
46.17,-1.47875
46.18,-1.49928
46.19,-1.51938
46.2,-1.53909
46.21,-1.55844
46.22,-1.57747
46.23,-1.5962
46.24,-1.61469
46.25,-1.63297
46.26,-1.65108
46.27,-1.66906
46.28,-1.68698
46.29,-1.70486
46.3,-1.72277
46.31,-1.74075
46.32,-1.75885
46.33,-1.77712
46.34,-1.79562
46.35,-1.81441
46.36,-1.83353
46.37,-1.85303
46.38,-1.87298
46.39,-1.89342
46.4,-1.91441
46.41,-1.936
46.42,-1.95823
46.43,-1.98117
46.44,-2.00486
46.45,-2.02934
46.46,-2.05466
46.47,-2.08087
46.48,-2.108
46.49,-2.13611
46.5,-2.16521
46.51,-2.19536
46.52,-2.22657
46.53,-2.25889
46.54,-2.29233
46.55,-2.32692
46.56,-2.36268
46.57,-2.39962
46.58,-2.43777
46.59,-2.47711
46.6,-2.51768
46.61,-2.55945
46.62,-2.60243
46.63,-2.64662
46.64,-2.692
46.65,-2.73856
46.66,-2.78627
46.67,-2.83512
46.68,-2.88507
46.69,-2.9361
46.7,-2.98816
46.71,-3.04121
46.72,-3.09522
46.73,-3.15011
46.74,-3.20585
46.75,-3.26238
46.76,-3.31962
46.77,-3.37751
46.78,-3.43598
46.79,-3.49496
46.8,-3.55436
46.81,-3.6141
46.82,-3.67408
46.83,-3.73423
46.84,-3.79445
46.85,-3.85463
46.86,-3.91467
46.87,-3.97448
46.88,-4.03394
46.89,-4.09294
46.9,-4.15137
46.91,-4.20912
46.92,-4.26607
46.93,-4.32209
46.94,-4.37708
46.95,-4.4309
46.96,-4.48344
46.97,-4.53457
46.98,-4.58417
46.99,-4.63211
47,-4.67826
47.01,-4.72251
47.02,-4.76472
47.03,-4.80478
47.04,-4.84256
47.05,-4.87793
47.06,-4.91079
47.07,-4.941
47.08,-4.96846
47.09,-4.99304
47.1,-5.01465
47.11,-5.03316
47.12,-5.04847
47.13,-5.06049
47.14,-5.06911
47.15,-5.07423
47.16,-5.07577
47.17,-5.07364
47.18,-5.06776
47.19,-5.05805
47.2,-5.04444
47.21,-5.02686
47.22,-5.00526
47.23,-4.97957
47.24,-4.94974
47.25,-4.91574
47.26,-4.87752
47.27,-4.83505
47.28,-4.78831
47.29,-4.73728
47.3,-4.68195
47.31,-4.62231
47.32,-4.55837
47.33,-4.49014
47.34,-4.41762
47.35,-4.34084
47.36,-4.25984
47.37,-4.17465
47.38,-4.08532
47.39,-3.99189
47.4,-3.89443
47.41,-3.793
47.42,-3.68767
47.43,-3.57853
47.44,-3.46565
47.45,-3.34914
47.46,-3.22909
47.47,-3.10561
47.48,-2.97881
47.49,-2.84881
47.5,-2.71573
47.51,-2.57971
47.52,-2.44089
47.53,-2.2994
47.54,-2.15539
47.55,-2.00901
47.56,-1.86043
47.57,-1.70979
47.58,-1.55728
47.59,-1.40305
47.6,-1.24729
47.61,-1.09017
47.62,-0.931861
47.63,-0.772559
47.64,-0.612444
47.65,-0.451706
47.66,-0.290533
47.67,-0.129118
47.68,0.0323482
47.69,0.193671
47.7,0.354656
47.71,0.515109
47.72,0.674836
47.73,0.833643
47.74,0.991337
47.75,1.14773
47.76,1.30262
47.77,1.45583
47.78,1.60717
47.79,1.75645
47.8,1.9035
47.81,2.04813
47.82,2.19017
47.83,2.32945
47.84,2.4658
47.85,2.59906
47.86,2.72907
47.87,2.85568
47.88,2.97873
47.89,3.09809
47.9,3.21362
47.91,3.32518
47.92,3.43265
47.93,3.53591
47.94,3.63485
47.95,3.72935
47.96,3.81933
47.97,3.90469
47.98,3.98534
47.99,4.06121
48,4.13222
48.01,4.19831
48.02,4.25943
48.03,4.31552
48.04,4.36654
48.05,4.41247
48.06,4.45327
48.07,4.48893
48.08,4.51944
48.09,4.5448
48.1,4.565
48.11,4.58007
48.12,4.59002
48.13,4.59489
48.14,4.5947
48.15,4.5895
48.16,4.57934
48.17,4.56427
48.18,4.54437
48.19,4.51968
48.2,4.49031
48.21,4.45631
48.22,4.41779
48.23,4.37484
48.24,4.32756
48.25,4.27606
48.26,4.22043
48.27,4.16081
48.28,4.09731
48.29,4.03006
48.3,3.95918
48.31,3.8848
48.32,3.80707
48.33,3.72612
48.34,3.6421
48.35,3.55515
48.36,3.46542
48.37,3.37305
48.38,3.27821
48.39,3.18104
48.4,3.0817
48.41,2.98034
48.42,2.87712
48.43,2.7722
48.44,2.66574
48.45,2.55788
48.46,2.44879
48.47,2.33861
48.48,2.22751
48.49,2.11564
48.5,2.00315
48.51,1.89018
48.52,1.77688
48.53,1.66341
48.54,1.54989
48.55,1.43647
48.56,1.32329
48.57,1.21047
48.58,1.09815
48.59,0.986452
48.6,0.875498
48.61,0.765405
48.62,0.656288
48.63,0.548254
48.64,0.44141
48.65,0.335855
48.66,0.231685
48.67,0.12899
48.68,0.0278575
48.69,-0.0716328
48.7,-0.169405
48.71,-0.265387
48.72,-0.359513
48.73,-0.451723
48.74,-0.541961
48.75,-0.630177
48.76,-0.716323
48.77,-0.800362
48.78,-0.882255
48.79,-0.961974
48.8,-1.03949
48.81,-1.11479
48.82,-1.18785
48.83,-1.25866
48.84,-1.32722
48.85,-1.39352
48.86,-1.45756
48.87,-1.51935
48.88,-1.57891
48.89,-1.63624
48.9,-1.69136
48.91,-1.7443
48.92,-1.79508
48.93,-1.84372
48.94,-1.89026
48.95,-1.93474
48.96,-1.97719
48.97,-2.01765
48.98,-2.05616
48.99,-2.09276
49,-2.1275
49.01,-2.16044
49.02,-2.19161
49.03,-2.22106
49.04,-2.24886
49.05,-2.27505
49.06,-2.29968
49.07,-2.3228
49.08,-2.34448
49.09,-2.36476
49.1,-2.3837
49.11,-2.40135
49.12,-2.41776
49.13,-2.43298
49.14,-2.44707
49.15,-2.46007
49.16,-2.47204
49.17,-2.48302
49.18,-2.49305
49.19,-2.50218
49.2,-2.51045
49.21,-2.51791
49.22,-2.52458
49.23,-2.5305
49.24,-2.53572
49.25,-2.54024
49.26,-2.54412
49.27,-2.54736
49.28,-2.55
49.29,-2.55204
49.3,-2.55352
49.31,-2.55444
49.32,-2.55481
49.33,-2.55464
49.34,-2.55394
49.35,-2.5527
49.36,-2.55093
49.37,-2.54863
49.38,-2.54577
49.39,-2.54237
49.4,-2.53839
49.41,-2.53383
49.42,-2.52866
49.43,-2.52287
49.44,-2.51644
49.45,-2.50932
49.46,-2.5015
49.47,-2.49295
49.48,-2.48362
49.49,-2.47349
49.5,-2.46252
49.51,-2.45066
49.52,-2.43788
49.53,-2.42413
49.54,-2.40938
49.55,-2.39356
49.56,-2.37664
49.57,-2.35858
49.58,-2.33931
49.59,-2.3188
49.6,-2.297
49.61,-2.27385
49.62,-2.24931
49.63,-2.22332
49.64,-2.19585
49.65,-2.16685
49.66,-2.13626
49.67,-2.10404
49.68,-2.07015
49.69,-2.03454
49.7,-1.99718
49.71,-1.95803
49.72,-1.91704
49.73,-1.87419
49.74,-1.82944
49.75,-1.78275
49.76,-1.73412
49.77,-1.6835
49.78,-1.63088
49.79,-1.57625
49.8,-1.51958
49.81,-1.46087
49.82,-1.4001
49.83,-1.33729
49.84,-1.27242
49.85,-1.20551
49.86,-1.13656
49.87,-1.06558
49.88,-0.992601
49.89,-0.917636
49.9,-0.840715
49.91,-0.761869
49.92,-0.681134
49.93,-0.598551
49.94,-0.514167
49.95,-0.428031
49.96,-0.340198
49.97,-0.250728
49.98,-0.159686
49.99,-0.0671406
50,0.0268345
